Rk,Player,Age,Team,Pos,G,GS,MP,FG,FGA,FG%,3P,3PA,3P%,2P,2PA,2P%,eFG%,FT,FTA,FT%,ORB,DRB,TRB,AST,STL,BLK,TOV,PF,PTS,Awards,Season,Season_Year
1.0,Shaquille O'Neal,22.0,ORL,C,79.0,79.0,37.0,11.8,20.2,0.583,0.0,0.1,0.0,11.8,20.1,0.585,0.583,5.8,10.8,0.533,4.2,7.3,11.4,2.7,0.9,2.4,2.6,3.3,29.3,"MVP-2,AS,NBA2",1994-95,1995
2.0,Hakeem Olajuwon,32.0,HOU,C,72.0,72.0,39.6,11.1,21.5,0.517,0.0,0.2,0.188,11.0,21.2,0.52,0.517,5.6,7.5,0.756,2.4,8.4,10.8,3.5,1.8,3.4,3.3,3.5,27.8,"MVP-5,DPOY-3,AS,NBA3",1994-95,1995
3.0,David Robinson,29.0,SAS,C,81.0,81.0,38.0,9.7,18.4,0.53,0.1,0.2,0.3,9.7,18.1,0.533,0.532,8.1,10.5,0.774,2.9,7.9,10.8,2.9,1.7,3.2,2.9,2.8,27.6,"MVP-1,DPOY-4,AS,NBA1",1994-95,1995
4.0,Michael Jordan,31.0,CHI,SG,17.0,17.0,39.3,9.8,23.8,0.411,0.9,1.9,0.5,8.8,21.9,0.403,0.431,6.4,8.0,0.801,1.5,5.4,6.9,5.3,1.8,0.8,2.1,2.8,26.9,MVP-11,1994-95,1995
5.0,Karl Malone,31.0,UTA,PF,82.0,82.0,38.1,10.1,18.9,0.536,0.1,0.5,0.268,10.0,18.4,0.543,0.54,6.3,8.5,0.742,1.9,8.7,10.6,3.5,1.6,1.0,2.9,3.3,26.7,"MVP-3,AS,NBA1",1994-95,1995
6.0,Jim Jackson,24.0,DAL,SG,51.0,51.0,38.9,9.5,20.1,0.472,0.7,2.2,0.318,8.8,18.0,0.49,0.489,6.0,7.5,0.805,2.4,2.7,5.1,3.7,0.5,0.2,3.1,1.8,25.7,,1994-95,1995
7.0,Jamal Mashburn,22.0,DAL,SF,80.0,80.0,37.3,8.5,19.6,0.436,1.4,4.3,0.328,7.1,15.3,0.466,0.472,5.6,7.6,0.739,1.5,2.7,4.1,3.7,1.0,0.1,2.9,2.4,24.1,,1994-95,1995
8.0,Patrick Ewing,32.0,NYK,C,79.0,79.0,37.0,9.2,18.4,0.503,0.1,0.3,0.286,9.2,18.1,0.506,0.505,5.3,7.1,0.75,2.0,9.0,11.0,2.7,0.9,2.0,3.2,3.4,23.9,"MVP-4,AS",1994-95,1995
9.0,Charles Barkley,31.0,PHO,PF,68.0,66.0,35.0,8.1,16.8,0.486,1.1,3.2,0.338,7.1,13.6,0.521,0.518,5.6,7.5,0.748,3.0,8.1,11.1,4.1,1.6,0.7,2.2,3.0,23.0,"MVP-6,AS,NBA2",1994-95,1995
10.0,Mitch Richmond,29.0,SAC,SG,82.0,82.0,38.7,8.1,18.3,0.446,1.9,5.2,0.368,6.2,13.1,0.477,0.498,4.6,5.4,0.843,0.8,3.5,4.4,3.8,1.1,0.4,2.9,2.8,22.8,"AS,NBA2",1994-95,1995
11.0,Glen Rice,27.0,MIA,SF,82.0,82.0,36.8,8.1,17.1,0.475,2.3,5.5,0.41,5.9,11.6,0.506,0.541,3.8,4.5,0.855,1.2,3.4,4.6,2.3,1.4,0.2,1.9,2.5,22.3,,1994-95,1995
12.0,Glenn Robinson,22.0,MIL,SF,80.0,76.0,37.0,8.0,17.6,0.451,1.1,3.4,0.321,6.9,14.3,0.482,0.482,5.0,6.2,0.796,2.1,4.3,6.4,2.5,1.4,0.3,3.9,2.9,21.9,ROY-3,1994-95,1995
13.0,Clyde Drexler,32.0,2TM,SG,76.0,75.0,35.9,7.5,16.3,0.461,1.9,5.4,0.36,5.6,10.9,0.511,0.521,4.8,5.8,0.824,2.0,4.3,6.3,4.8,1.8,0.6,2.4,2.7,21.8,"MVP-14,NBA3",1994-95,1995
14.0,Clyde Drexler,32.0,POR,SG,41.0,41.0,34.8,7.4,17.4,0.428,2.1,5.9,0.363,5.3,11.5,0.462,0.489,5.0,6.0,0.835,2.0,3.7,5.7,5.1,1.8,0.5,2.4,2.9,22.0,,1994-95,1995
15.0,Clyde Drexler,32.0,HOU,SG,35.0,34.0,37.1,7.6,15.0,0.506,1.7,4.8,0.357,5.9,10.2,0.575,0.563,4.5,5.5,0.809,1.9,5.1,7.0,4.4,1.8,0.7,2.5,2.5,21.4,,1994-95,1995
16.0,Cedric Ceballos,25.0,LAL,SF,58.0,54.0,35.0,8.6,16.8,0.509,1.0,2.5,0.397,7.6,14.3,0.528,0.538,3.6,5.0,0.716,2.9,5.1,8.0,1.8,1.0,0.3,2.5,2.3,21.7,"MVP-15,AS",1994-95,1995
17.0,Scottie Pippen,29.0,CHI,SF,79.0,79.0,38.2,8.0,16.7,0.48,1.4,4.0,0.345,6.6,12.7,0.523,0.522,4.0,5.6,0.716,2.2,5.9,8.1,5.2,2.9,1.1,3.4,3.0,21.4,"MVP-7,DPOY-2,AS,NBA1",1994-95,1995
18.0,Alonzo Mourning,24.0,CHH,C,77.0,77.0,38.2,7.4,14.3,0.519,0.1,0.4,0.324,7.3,13.9,0.525,0.524,6.4,8.4,0.761,2.6,7.3,9.9,1.4,0.6,2.9,3.1,3.6,21.3,"DPOY-6,AS",1994-95,1995
19.0,Clifford Robinson,28.0,POR,SF,75.0,73.0,36.3,8.0,17.6,0.452,1.9,5.1,0.371,6.1,12.5,0.486,0.506,3.5,5.1,0.694,2.0,3.6,5.6,2.6,1.1,1.1,2.1,3.2,21.3,,1994-95,1995
20.0,Anfernee Hardaway,23.0,ORL,PG,77.0,77.0,37.7,7.6,14.8,0.512,1.1,3.2,0.349,6.5,11.6,0.558,0.55,4.6,6.0,0.769,1.8,2.6,4.4,7.2,1.7,0.3,3.4,2.1,20.9,"MVP-10,AS,NBA1",1994-95,1995
21.0,Dana Barros,27.0,PHI,PG,82.0,82.0,40.5,7.0,14.2,0.49,2.4,5.2,0.464,4.6,9.0,0.505,0.575,4.2,4.7,0.899,0.3,3.0,3.3,7.5,1.8,0.0,3.0,1.9,20.6,"MIP-1,AS",1994-95,1995
22.0,Gary Payton,26.0,SEA,PG,82.0,82.0,36.8,8.4,16.4,0.509,0.9,2.8,0.302,7.5,13.6,0.553,0.535,3.0,4.2,0.716,1.3,2.1,3.4,7.1,2.5,0.2,2.5,2.5,20.6,"MVP-9,DPOY-6,AS,NBA2",1994-95,1995
23.0,Latrell Sprewell,24.0,GSW,SG,69.0,69.0,40.2,7.1,17.0,0.418,1.3,4.7,0.276,5.8,12.2,0.473,0.457,5.1,6.5,0.781,0.8,2.9,3.7,4.0,1.6,0.7,3.3,1.6,20.6,AS,1994-95,1995
24.0,Derrick Coleman,27.0,NJN,PF,56.0,54.0,37.6,6.6,15.6,0.424,0.5,2.1,0.233,6.1,13.5,0.454,0.44,6.7,8.8,0.767,3.0,7.6,10.6,3.3,0.6,1.7,3.1,2.9,20.5,,1994-95,1995
25.0,Isaiah Rider,23.0,MIN,SG,75.0,67.0,35.3,7.4,16.7,0.447,1.9,5.3,0.351,5.6,11.4,0.491,0.502,3.7,4.5,0.817,1.2,2.1,3.3,3.3,0.9,0.3,3.1,2.6,20.4,,1994-95,1995
26.0,Tim Hardaway,28.0,GSW,PG,62.0,62.0,37.4,6.9,16.2,0.427,2.7,7.2,0.378,4.2,9.1,0.465,0.51,3.5,4.6,0.76,0.7,2.3,3.1,9.3,1.4,0.2,3.5,2.5,20.1,,1994-95,1995
27.0,Chris Webber,21.0,WSB,PF,54.0,52.0,38.3,8.6,17.4,0.495,0.7,2.7,0.276,7.9,14.7,0.535,0.516,2.2,4.3,0.502,3.7,5.9,9.6,4.7,1.5,1.6,3.1,3.4,20.1,,1994-95,1995
28.0,Grant Hill,22.0,DET,SF,70.0,69.0,38.3,7.3,15.2,0.477,0.1,0.4,0.148,7.2,14.8,0.486,0.479,5.3,7.3,0.732,1.8,4.6,6.4,5.0,1.8,0.9,2.9,2.9,19.9,"ROY-1,AS",1994-95,1995
29.0,Reggie Miller,29.0,IND,SG,81.0,81.0,32.9,6.2,13.5,0.462,2.4,5.8,0.415,3.8,7.7,0.498,0.552,4.7,5.3,0.897,0.4,2.2,2.6,3.0,1.2,0.2,1.9,1.9,19.6,"AS,NBA3",1994-95,1995
30.0,Detlef Schrempf,32.0,SEA,SF,82.0,82.0,35.2,6.4,12.2,0.523,1.1,2.2,0.514,5.2,10.0,0.525,0.569,5.3,6.4,0.839,1.6,4.5,6.2,3.8,1.1,0.4,2.1,3.1,19.2,"AS,NBA3",1994-95,1995
31.0,Chris Mullin,31.0,GSW,SF,25.0,23.0,35.6,6.8,13.9,0.489,1.7,3.7,0.452,5.1,10.2,0.502,0.549,3.8,4.3,0.879,1.0,3.6,4.6,5.0,1.5,0.8,3.7,2.1,19.0,,1994-95,1995
32.0,Rod Strickland,28.0,POR,PG,64.0,61.0,35.4,6.9,14.8,0.466,0.7,1.9,0.374,6.2,12.9,0.48,0.49,4.4,5.9,0.745,1.1,3.8,5.0,8.8,1.9,0.1,3.3,1.8,18.9,,1994-95,1995
33.0,Larry Johnson,25.0,CHH,PF,81.0,81.0,39.9,7.2,15.0,0.48,1.0,2.6,0.386,6.2,12.5,0.5,0.513,3.4,4.4,0.774,2.3,4.9,7.2,4.6,1.0,0.3,2.6,2.1,18.8,AS,1994-95,1995
34.0,Shawn Kemp,25.0,SEA,PF,82.0,79.0,32.7,6.6,12.2,0.547,0.0,0.1,0.286,6.6,12.1,0.548,0.548,5.3,7.1,0.749,3.9,7.0,10.9,1.8,1.2,1.5,3.2,4.1,18.7,"AS,NBA2",1994-95,1995
35.0,Jeff Malone,33.0,PHI,SG,19.0,19.0,34.7,7.6,14.9,0.507,0.6,1.5,0.393,7.0,13.5,0.52,0.526,2.7,3.1,0.864,0.6,2.3,2.9,1.5,0.8,0.0,1.5,1.8,18.4,,1994-95,1995
36.0,Joe Dumars,31.0,DET,SG,67.0,67.0,38.0,6.2,14.5,0.43,1.5,5.0,0.305,4.7,9.4,0.497,0.483,4.1,5.1,0.805,0.7,1.7,2.4,5.5,1.1,0.1,3.3,2.3,18.1,AS,1994-95,1995
37.0,Sean Elliott,26.0,SAS,SF,81.0,81.0,35.3,6.2,13.2,0.468,1.7,4.1,0.408,4.5,9.1,0.495,0.532,4.0,5.0,0.807,0.8,2.8,3.5,2.5,1.0,0.5,1.9,2.7,18.1,,1994-95,1995
38.0,Clarence Weatherspoon,24.0,PHI,SF,76.0,76.0,39.4,7.1,16.3,0.439,0.1,0.3,0.19,7.1,16.0,0.443,0.44,3.7,5.0,0.751,1.9,5.0,6.9,2.8,1.5,0.9,2.5,2.6,18.1,,1994-95,1995
39.0,Danny Manning,28.0,PHO,PF,46.0,19.0,32.8,7.4,13.5,0.547,0.1,0.5,0.286,7.3,13.1,0.556,0.551,3.0,4.4,0.673,2.1,3.9,6.0,3.3,0.9,1.2,2.6,3.8,17.9,,1994-95,1995
40.0,Rik Smits,28.0,IND,C,78.0,78.0,30.5,7.2,13.6,0.526,0.0,0.0,0.0,7.2,13.6,0.527,0.526,3.6,4.8,0.753,2.5,5.2,7.7,1.4,0.5,1.0,2.4,3.6,17.9,,1994-95,1995
41.0,Dominique Wilkins,35.0,BOS,SF,77.0,64.0,31.5,6.4,15.2,0.424,1.5,3.8,0.388,5.0,11.4,0.436,0.472,3.5,4.4,0.782,2.0,3.2,5.2,2.2,0.8,0.2,2.2,1.7,17.8,,1994-95,1995
42.0,Vin Baker,23.0,MIL,PF,82.0,82.0,41.0,7.2,15.0,0.483,0.1,0.3,0.292,7.2,14.7,0.487,0.486,3.1,5.3,0.593,3.5,6.8,10.3,3.6,1.0,1.4,2.7,3.4,17.7,AS,1994-95,1995
43.0,Kenny Anderson,24.0,NJN,PG,72.0,70.0,37.3,5.7,14.3,0.399,1.3,4.1,0.33,4.4,10.2,0.426,0.446,4.8,5.8,0.841,1.0,2.5,3.5,9.4,1.4,0.2,3.1,2.6,17.6,,1994-95,1995
44.0,Loy Vaught,26.0,LAC,PF,80.0,79.0,37.1,7.6,14.8,0.514,0.1,0.4,0.212,7.5,14.4,0.523,0.517,2.2,3.1,0.71,3.3,6.4,9.7,1.7,1.3,0.4,2.1,3.0,17.5,,1994-95,1995
45.0,Kevin Willis,32.0,2TM,PF,67.0,63.0,35.7,7.1,15.1,0.466,0.0,0.2,0.2,7.0,14.9,0.47,0.467,3.1,4.4,0.69,3.4,7.5,10.9,1.3,0.9,0.5,2.4,3.2,17.2,,1994-95,1995
46.0,Kevin Willis,32.0,ATL,PF,2.0,2.0,44.5,8.0,20.5,0.39,0.0,0.5,0.0,8.0,20.0,0.4,0.39,5.0,7.5,0.667,5.0,13.0,18.0,1.5,0.5,1.5,3.5,3.5,21.0,,1994-95,1995
47.0,Kevin Willis,32.0,MIA,PF,65.0,61.0,35.4,7.0,15.0,0.469,0.0,0.2,0.214,7.0,14.8,0.473,0.471,3.0,4.3,0.691,3.3,7.4,10.7,1.3,0.9,0.5,2.4,3.2,17.1,,1994-95,1995
48.0,Mookie Blaylock,27.0,ATL,PG,80.0,80.0,38.4,6.4,15.0,0.425,2.5,6.9,0.359,3.9,8.0,0.482,0.508,2.0,2.7,0.729,1.5,3.5,4.9,7.7,2.5,0.3,3.0,2.1,17.2,,1994-95,1995
49.0,Dino Radja,27.0,BOS,PF,66.0,48.0,32.5,6.8,13.9,0.49,0.0,0.0,0.0,6.8,13.9,0.49,0.49,3.5,4.7,0.759,2.3,6.4,8.7,1.7,0.9,1.3,2.4,3.5,17.2,,1994-95,1995
50.0,Juwan Howard,21.0,WSB,PF,65.0,52.0,36.1,7.0,14.3,0.489,0.0,0.1,0.0,7.0,14.2,0.492,0.489,3.0,4.5,0.664,2.8,5.6,8.4,2.5,0.8,0.2,2.6,3.6,17.0,ROY-5,1994-95,1995
51.0,Nick Van Exel,23.0,LAL,PG,80.0,80.0,36.8,5.8,13.8,0.42,2.3,6.4,0.358,3.5,7.5,0.473,0.503,2.9,3.8,0.783,0.3,2.5,2.8,8.3,1.2,0.1,2.8,2.0,16.9,,1994-95,1995
52.0,Calbert Cheaney,23.0,WSB,SG,78.0,71.0,34.0,6.6,14.5,0.453,1.2,3.6,0.339,5.3,10.8,0.492,0.496,2.2,2.7,0.812,1.3,2.8,4.1,2.3,1.0,0.3,1.9,2.8,16.6,,1994-95,1995
53.0,Jeff Hornacek,31.0,UTA,SG,81.0,81.0,33.3,6.0,11.6,0.514,1.1,2.7,0.406,4.9,8.9,0.547,0.562,3.5,4.0,0.882,0.7,1.9,2.6,4.3,1.6,0.2,1.8,2.2,16.5,,1994-95,1995
54.0,Walt Williams,24.0,SAC,SF,77.0,77.0,35.6,5.8,13.0,0.446,1.3,3.8,0.348,4.4,9.1,0.487,0.497,3.5,4.7,0.731,1.3,3.2,4.5,4.1,1.6,0.8,3.2,3.4,16.4,,1994-95,1995
55.0,Steve Smith,25.0,2TM,SG,80.0,61.0,33.3,5.4,12.6,0.426,1.7,5.2,0.329,3.6,7.4,0.494,0.494,3.9,4.6,0.841,1.3,2.2,3.5,3.4,0.8,0.4,1.9,2.8,16.3,,1994-95,1995
56.0,Steve Smith,25.0,MIA,SG,2.0,2.0,31.0,5.5,14.5,0.379,1.0,6.0,0.167,4.5,8.5,0.529,0.414,8.5,11.0,0.773,2.0,1.0,3.0,3.5,1.0,0.5,2.0,4.5,20.5,,1994-95,1995
57.0,Steve Smith,25.0,ATL,SG,78.0,59.0,33.4,5.3,12.5,0.427,1.7,5.2,0.334,3.6,7.3,0.493,0.496,3.8,4.5,0.845,1.3,2.2,3.5,3.4,0.8,0.4,1.9,2.8,16.2,,1994-95,1995
58.0,Christian Laettner,25.0,MIN,C,81.0,80.0,34.2,5.6,11.4,0.489,0.2,0.5,0.325,5.4,10.9,0.497,0.496,5.0,6.2,0.818,2.0,5.5,7.6,2.9,1.2,1.1,2.8,3.7,16.3,,1994-95,1995
59.0,Rex Chapman,27.0,WSB,SG,45.0,29.0,32.6,5.6,14.2,0.397,1.9,6.1,0.314,3.7,8.1,0.46,0.465,3.0,3.5,0.862,0.5,2.0,2.5,2.8,1.5,0.3,1.4,1.9,16.2,,1994-95,1995
60.0,Mahmoud Abdul-Rauf,25.0,DEN,PG,73.0,43.0,28.5,6.5,13.8,0.47,1.1,2.9,0.386,5.3,10.8,0.492,0.511,1.9,2.1,0.885,0.4,1.4,1.9,3.6,1.1,0.1,1.6,1.7,16.0,,1994-95,1995
61.0,Todd Day,25.0,MIL,SG,82.0,81.0,33.1,5.4,12.8,0.424,2.0,5.1,0.39,3.4,7.7,0.447,0.502,3.1,4.2,0.754,1.2,2.8,3.9,1.6,1.3,0.8,1.9,3.5,16.0,,1994-95,1995
62.0,Vlade Divac,26.0,LAL,C,80.0,80.0,35.1,6.1,12.0,0.507,0.1,0.7,0.189,5.9,11.3,0.525,0.512,3.7,4.8,0.777,3.3,7.1,10.4,4.1,1.4,2.2,2.6,3.8,16.0,,1994-95,1995
63.0,Nick Anderson,27.0,ORL,SG,76.0,76.0,34.1,5.8,12.1,0.476,2.4,5.7,0.415,3.4,6.5,0.528,0.573,1.9,2.7,0.704,1.1,3.3,4.4,4.1,1.6,0.3,1.9,1.6,15.8,,1994-95,1995
64.0,Mark Price,30.0,CLE,PG,48.0,34.0,28.6,5.3,12.8,0.413,2.1,5.3,0.407,3.1,7.5,0.418,0.498,3.1,3.4,0.914,0.5,1.8,2.3,7.0,0.7,0.1,3.0,1.0,15.8,,1994-95,1995
65.0,Toni Kukoč,26.0,CHI,SF,81.0,55.0,31.9,6.0,11.9,0.504,0.8,2.4,0.313,5.2,9.5,0.553,0.536,2.9,3.9,0.748,1.9,3.5,5.4,4.6,1.3,0.2,2.0,2.0,15.7,,1994-95,1995
66.0,Dee Brown,26.0,BOS,SG,79.0,69.0,35.3,5.5,12.4,0.447,1.6,4.1,0.385,3.9,8.2,0.478,0.512,3.0,3.5,0.852,0.8,2.4,3.2,3.8,1.4,0.6,1.8,2.3,15.6,,1994-95,1995
67.0,Dan Majerle,29.0,PHO,SF,82.0,46.0,37.7,5.3,12.6,0.425,2.4,6.7,0.363,2.9,5.9,0.495,0.521,2.5,3.4,0.73,1.3,3.3,4.6,4.1,1.2,0.5,1.3,1.9,15.6,AS,1994-95,1995
68.0,Kevin Johnson,28.0,PHO,PG,47.0,35.0,28.8,5.2,11.1,0.47,0.1,0.6,0.154,5.1,10.6,0.487,0.474,5.0,6.1,0.81,0.7,1.8,2.4,7.7,1.0,0.4,2.2,1.9,15.5,,1994-95,1995
69.0,Terry Mills,27.0,DET,PF,72.0,69.0,34.9,5.8,13.0,0.447,1.5,4.0,0.382,4.3,9.0,0.475,0.505,2.4,3.0,0.799,1.7,6.0,7.8,2.2,0.9,0.5,2.0,3.5,15.5,,1994-95,1995
70.0,Willie Burton,26.0,PHI,SF,53.0,31.0,29.5,4.6,11.4,0.401,2.0,5.2,0.385,2.6,6.2,0.414,0.488,4.2,5.0,0.824,0.9,2.2,3.1,1.8,0.6,0.4,2.3,3.2,15.3,,1994-95,1995
71.0,John Starks,29.0,NYK,SG,80.0,78.0,34.1,5.2,13.3,0.395,2.7,7.6,0.355,2.5,5.6,0.448,0.497,2.1,2.9,0.737,0.4,2.3,2.7,5.1,1.2,0.1,2.0,3.2,15.3,,1994-95,1995
72.0,Armen Gilliam,30.0,NJN,PF,82.0,30.0,30.1,5.5,11.0,0.503,0.0,0.0,0.0,5.5,11.0,0.504,0.503,3.7,4.8,0.77,2.3,5.1,7.5,1.2,0.8,1.1,1.9,2.1,14.8,6MOY-9,1994-95,1995
73.0,Sherman Douglas,28.0,BOS,PG,65.0,43.0,31.5,5.6,11.8,0.475,0.3,1.3,0.244,5.3,10.6,0.502,0.488,3.1,4.6,0.689,0.7,1.9,2.6,6.9,1.2,0.0,2.5,2.3,14.7,,1994-95,1995
74.0,John Stockton,32.0,UTA,PG,82.0,82.0,35.0,5.2,9.6,0.542,1.2,2.8,0.449,4.0,6.9,0.58,0.607,3.0,3.7,0.804,0.7,2.4,3.1,12.3,2.4,0.3,3.3,2.6,14.7,"MVP-8,AS,NBA1",1994-95,1995
75.0,Allan Houston,23.0,DET,SG,76.0,39.0,26.3,5.2,11.3,0.463,2.1,4.9,0.424,3.2,6.4,0.494,0.555,1.9,2.3,0.86,0.4,1.8,2.2,2.2,0.8,0.2,1.5,2.4,14.5,,1994-95,1995
76.0,Hersey Hawkins,28.0,CHH,SG,82.0,82.0,33.3,4.8,9.9,0.482,1.6,3.6,0.44,3.2,6.2,0.507,0.563,3.2,3.7,0.867,0.7,3.1,3.8,3.2,1.5,0.2,1.8,2.2,14.3,,1994-95,1995
77.0,Billy Owens,25.0,MIA,SG,70.0,60.0,32.8,5.8,11.7,0.491,0.0,0.3,0.091,5.7,11.4,0.503,0.493,2.8,4.5,0.62,2.9,4.3,7.2,3.5,1.1,0.4,2.9,2.9,14.3,,1994-95,1995
78.0,Lamond Murray,21.0,LAC,SF,81.0,61.0,31.6,5.4,13.5,0.402,0.8,2.7,0.298,4.6,10.8,0.427,0.431,2.5,3.3,0.754,1.6,2.7,4.4,1.6,0.9,0.7,2.0,2.2,14.1,,1994-95,1995
79.0,B.J. Armstrong,27.0,CHI,PG,82.0,82.0,31.4,5.1,10.9,0.468,1.3,3.1,0.427,3.8,7.8,0.484,0.528,2.5,2.8,0.884,0.3,2.0,2.3,3.0,1.0,0.1,1.3,1.9,14.0,,1994-95,1995
80.0,Kevin Edwards,29.0,NJN,SG,14.0,14.0,33.3,4.9,11.0,0.448,1.3,3.2,0.4,3.6,7.8,0.468,0.506,2.9,3.0,0.952,0.7,1.9,2.6,1.9,1.4,0.4,2.5,3.0,14.0,,1994-95,1995
81.0,Eddie Jones,23.0,LAL,SG,64.0,58.0,31.0,5.3,11.6,0.46,1.4,3.8,0.37,3.9,7.8,0.504,0.521,1.9,2.6,0.722,1.2,2.7,3.9,2.0,2.0,0.6,1.2,2.7,14.0,ROY-4,1994-95,1995
82.0,Stacey Augmon,26.0,ATL,SG,76.0,76.0,31.1,5.2,11.5,0.453,0.1,0.3,0.269,5.1,11.2,0.459,0.457,3.3,4.6,0.728,2.1,2.8,4.8,2.6,1.3,0.6,2.0,2.1,13.9,,1994-95,1995
83.0,Tyrone Hill,26.0,CLE,C,70.0,67.0,34.2,5.0,9.9,0.504,0.0,0.0,0.0,5.0,9.9,0.505,0.504,3.8,5.7,0.662,3.8,7.1,10.9,0.8,0.8,0.6,2.2,3.5,13.8,AS,1994-95,1995
84.0,Chris Gatling,27.0,GSW,PF,58.0,22.0,25.3,5.6,8.8,0.633,0.0,0.0,0.0,5.6,8.8,0.634,0.633,2.6,4.3,0.592,2.5,5.2,7.6,0.9,0.7,0.9,2.0,3.2,13.7,6MOY-8,1994-95,1995
85.0,Kendall Gill,26.0,SEA,SG,73.0,58.0,29.1,5.4,11.8,0.457,0.9,2.3,0.368,4.5,9.4,0.479,0.494,2.1,2.9,0.742,1.4,2.6,4.0,2.6,1.6,0.4,1.9,2.5,13.7,,1994-95,1995
86.0,Dell Curry,30.0,CHH,SG,69.0,0.0,24.9,5.0,11.3,0.441,2.2,5.2,0.427,2.7,6.0,0.453,0.54,1.4,1.6,0.856,0.6,1.8,2.4,1.6,0.8,0.3,1.4,2.1,13.6,6MOY-2,1994-95,1995
87.0,Otis Thorpe,32.0,2TM,PF,70.0,35.0,29.9,5.5,9.7,0.565,0.0,0.1,0.0,5.5,9.6,0.571,0.565,2.4,4.0,0.594,2.9,5.1,8.0,1.6,0.6,0.4,1.9,3.2,13.4,,1994-95,1995
88.0,Otis Thorpe,32.0,HOU,PF,36.0,35.0,33.0,5.7,10.2,0.563,0.0,0.1,0.0,5.7,10.1,0.567,0.563,1.9,3.5,0.528,3.1,5.8,8.9,1.6,0.6,0.4,2.1,2.8,13.3,,1994-95,1995
89.0,Otis Thorpe,32.0,POR,PF,34.0,0.0,26.7,5.3,9.3,0.568,0.0,0.1,0.0,5.3,9.1,0.576,0.568,2.9,4.5,0.649,2.6,4.3,6.9,1.6,0.6,0.4,1.6,3.6,13.5,,1994-95,1995
90.0,Avery Johnson,29.0,SAS,PG,82.0,82.0,36.7,5.5,10.5,0.519,0.0,0.3,0.136,5.4,10.3,0.529,0.521,2.5,3.6,0.685,0.6,1.9,2.5,8.2,1.4,0.2,2.5,1.9,13.4,,1994-95,1995
91.0,Chris Morris,29.0,NJN,SF,71.0,49.0,30.0,4.9,12.1,0.41,1.5,4.5,0.334,3.5,7.6,0.455,0.472,2.0,2.7,0.728,2.5,3.1,5.7,2.1,1.2,0.7,1.6,2.2,13.4,,1994-95,1995
92.0,Reggie Williams,30.0,DEN,SF,74.0,70.0,29.7,5.2,11.4,0.459,1.1,3.6,0.32,4.1,7.8,0.522,0.509,1.8,2.4,0.759,1.3,3.2,4.4,3.1,1.5,0.9,1.7,3.6,13.4,,1994-95,1995
93.0,Terrell Brandon,24.0,CLE,PG,67.0,41.0,29.3,5.1,11.4,0.448,0.7,1.8,0.397,4.4,9.6,0.457,0.479,2.4,2.8,0.855,0.5,2.3,2.8,5.4,1.6,0.2,2.1,1.8,13.3,,1994-95,1995
94.0,Vernon Maxwell,29.0,HOU,SG,64.0,54.0,31.8,4.8,12.1,0.394,2.2,6.9,0.324,2.5,5.3,0.485,0.486,1.5,2.3,0.688,0.3,2.3,2.6,4.3,1.2,0.2,2.1,2.5,13.3,,1994-95,1995
95.0,Derrick McKey,28.0,IND,SF,81.0,81.0,34.6,5.1,10.3,0.493,0.4,1.1,0.36,4.7,9.2,0.509,0.513,2.7,3.7,0.744,1.5,3.3,4.9,3.4,1.5,0.6,2.1,3.2,13.3,DPOY-6,1994-95,1995
96.0,Brian Grant,22.0,SAC,PF,80.0,59.0,28.6,5.2,10.1,0.511,0.0,0.1,0.25,5.2,10.1,0.512,0.511,2.9,4.5,0.636,2.6,4.9,7.5,1.2,0.6,1.5,2.0,3.5,13.2,ROY-5,1994-95,1995
97.0,Eric Murdock,26.0,MIL,PG,75.0,32.0,28.8,4.5,10.9,0.415,1.2,3.2,0.375,3.3,7.7,0.432,0.471,2.8,3.6,0.79,0.6,2.2,2.9,6.4,1.5,0.2,2.6,1.9,13.0,,1994-95,1995
98.0,Malik Sealy,24.0,LAC,SG,60.0,41.0,26.7,4.9,11.2,0.435,0.4,1.2,0.301,4.5,9.9,0.451,0.451,2.9,3.7,0.78,1.3,2.3,3.6,1.8,1.2,0.4,1.4,2.9,13.0,,1994-95,1995
99.0,Scott Skiles,30.0,WSB,PG,62.0,62.0,33.5,4.3,9.4,0.455,1.5,3.7,0.421,2.7,5.7,0.476,0.537,2.9,3.3,0.886,0.4,2.1,2.6,7.3,1.1,0.1,2.8,2.2,13.0,,1994-95,1995
100.0,Dennis Scott,26.0,ORL,SF,62.0,10.0,24.2,4.6,10.4,0.439,2.4,5.7,0.426,2.1,4.7,0.454,0.555,1.4,1.8,0.754,0.4,2.0,2.4,2.1,0.7,0.2,0.9,1.9,12.9,6MOY-5,1994-95,1995
101.0,Doug West,27.0,MIN,SG,71.0,65.0,32.8,4.9,10.7,0.461,0.2,0.9,0.18,4.8,9.9,0.485,0.468,2.9,3.5,0.837,0.8,2.4,3.2,2.6,0.9,0.3,1.8,3.5,12.9,,1994-95,1995
102.0,Horace Grant,29.0,ORL,PF,74.0,74.0,36.4,5.4,9.6,0.567,0.0,0.1,0.0,5.4,9.4,0.574,0.567,2.0,2.9,0.692,3.0,6.6,9.7,2.3,1.0,1.2,1.1,2.7,12.8,,1994-95,1995
103.0,Tom Gugliotta,25.0,3TM,PF,77.0,63.0,33.4,4.8,10.9,0.443,0.8,2.4,0.323,4.0,8.5,0.478,0.479,2.3,3.3,0.69,2.1,5.3,7.4,3.6,1.7,0.8,2.5,2.6,12.7,,1994-95,1995
104.0,Tom Gugliotta,25.0,WSB,PF,6.0,6.0,37.7,5.5,13.8,0.398,0.7,1.3,0.5,4.8,12.5,0.387,0.422,4.3,5.5,0.788,2.7,6.2,8.8,3.0,3.5,1.8,2.5,3.2,16.0,,1994-95,1995
105.0,Tom Gugliotta,25.0,GSW,PF,40.0,40.0,33.1,4.4,9.9,0.443,0.7,2.3,0.311,3.7,7.7,0.482,0.479,1.4,2.4,0.567,2.5,4.9,7.4,3.1,1.3,0.6,2.3,2.5,10.9,,1994-95,1995
106.0,Tom Gugliotta,25.0,MIN,SF,31.0,17.0,32.8,5.2,11.5,0.454,0.9,2.8,0.318,4.3,8.7,0.498,0.493,3.0,3.9,0.762,1.6,5.6,7.2,4.5,2.0,0.9,2.6,2.8,14.4,,1994-95,1995
107.0,Ken Norman,30.0,ATL,SF,74.0,27.0,25.4,5.2,11.6,0.453,1.3,3.9,0.344,3.9,7.7,0.508,0.511,0.9,1.9,0.457,1.4,3.5,4.9,1.3,0.5,0.3,1.3,2.1,12.7,,1994-95,1995
108.0,Sam Perkins,33.0,SEA,C,82.0,37.0,28.7,4.2,9.0,0.466,1.7,4.2,0.397,2.6,4.9,0.526,0.558,2.6,3.3,0.799,1.2,3.7,4.9,1.6,0.9,0.5,0.9,2.3,12.7,,1994-95,1995
109.0,Charles Smith,29.0,NYK,SF,76.0,58.0,28.3,4.6,9.8,0.471,0.1,0.4,0.226,4.5,9.4,0.482,0.476,3.4,4.2,0.792,1.9,2.4,4.3,1.6,0.6,1.3,1.9,3.8,12.7,,1994-95,1995
110.0,Donyell Marshall,21.0,2TM,SF,72.0,31.0,29.0,4.8,12.2,0.394,1.0,3.4,0.284,3.8,8.8,0.436,0.433,2.0,3.1,0.662,1.9,3.7,5.6,1.5,0.6,1.2,1.6,2.2,12.6,,1994-95,1995
111.0,Donyell Marshall,21.0,MIN,SF,40.0,8.0,25.9,4.0,10.6,0.374,0.8,2.7,0.302,3.2,7.9,0.397,0.411,2.1,3.1,0.68,1.6,3.3,4.9,1.4,0.6,1.3,1.5,1.6,10.8,,1994-95,1995
112.0,Donyell Marshall,21.0,GSW,SF,32.0,23.0,32.8,5.8,14.2,0.413,1.2,4.3,0.27,4.7,9.9,0.475,0.454,2.0,3.1,0.64,2.3,4.3,6.5,1.5,0.6,1.2,1.8,2.9,14.8,,1994-95,1995
113.0,Roy Tarpley,30.0,DAL,C,55.0,1.0,24.6,5.3,11.1,0.479,0.1,0.3,0.278,5.2,10.8,0.485,0.483,1.9,2.2,0.836,2.6,5.6,8.2,1.1,0.8,1.0,2.0,2.8,12.6,,1994-95,1995
114.0,Hot Rod Williams,32.0,CLE,PF,74.0,73.0,35.7,4.9,10.9,0.452,0.0,0.1,0.2,4.9,10.9,0.453,0.452,2.6,3.9,0.685,2.3,4.5,6.9,2.6,1.1,1.4,2.0,2.9,12.6,,1994-95,1995
115.0,Elden Campbell,26.0,LAL,PF,73.0,59.0,28.4,4.9,10.8,0.459,0.0,0.0,0.0,4.9,10.7,0.459,0.459,2.6,4.0,0.666,2.3,3.8,6.1,1.3,0.9,1.8,1.3,3.4,12.5,,1994-95,1995
116.0,Vinny Del Negro,28.0,SAS,SG,75.0,71.0,31.5,5.0,10.2,0.486,0.9,2.2,0.407,4.1,8.1,0.507,0.529,1.7,2.2,0.79,0.4,2.2,2.6,3.0,0.8,0.2,0.7,2.4,12.5,,1994-95,1995
117.0,Ricky Pierce,35.0,GSW,PG,27.0,6.0,24.9,4.1,9.4,0.437,0.9,2.6,0.329,3.3,6.8,0.478,0.482,3.4,3.9,0.877,0.4,1.9,2.4,1.5,0.8,0.1,0.9,1.4,12.5,,1994-95,1995
118.0,Chris Mills,25.0,CLE,SF,80.0,79.0,35.2,4.5,10.7,0.42,1.2,3.0,0.392,3.3,7.7,0.431,0.475,2.2,2.7,0.817,1.2,3.3,4.6,1.9,0.7,0.4,1.5,3.0,12.3,,1994-95,1995
119.0,Rodney Rogers,23.0,DEN,PF,80.0,77.0,26.8,4.7,9.6,0.488,0.6,1.9,0.338,4.1,7.8,0.523,0.52,2.2,3.4,0.651,1.7,3.2,4.8,2.0,1.2,0.6,2.2,3.5,12.2,,1994-95,1995
120.0,Robert Pack,25.0,DEN,PG,42.0,32.0,27.2,4.0,9.4,0.43,0.7,1.7,0.417,3.3,7.7,0.433,0.468,3.3,4.2,0.783,0.5,2.2,2.7,6.9,1.5,0.1,3.2,2.4,12.1,,1994-95,1995
121.0,Rony Seikaly,29.0,GSW,C,36.0,35.0,28.8,4.5,8.7,0.516,0.0,0.0,,4.5,8.7,0.516,0.516,3.1,4.4,0.694,2.1,5.3,7.4,1.3,0.6,1.0,2.9,3.4,12.1,,1994-95,1995
122.0,Jason Kidd,21.0,DAL,PG,79.0,79.0,33.8,4.2,10.8,0.385,0.9,3.3,0.272,3.3,7.6,0.433,0.426,2.4,3.5,0.698,1.9,3.5,5.4,7.7,1.9,0.3,3.2,1.8,11.7,"MVP-13,ROY-1",1994-95,1995
123.0,Grant Long,28.0,2TM,PF,81.0,79.0,32.6,4.2,8.8,0.478,0.1,0.4,0.355,4.1,8.5,0.483,0.485,3.0,4.0,0.751,2.4,5.1,7.5,1.6,1.3,0.4,1.9,3.0,11.6,,1994-95,1995
124.0,Grant Long,28.0,MIA,PF,2.0,2.0,31.0,2.5,6.0,0.417,0.0,0.0,,2.5,6.0,0.417,0.417,3.0,5.0,0.6,0.5,5.0,5.5,2.0,1.0,0.0,2.0,5.5,8.0,,1994-95,1995
125.0,Grant Long,28.0,ATL,PF,79.0,77.0,32.6,4.3,8.9,0.479,0.1,0.4,0.355,4.1,8.5,0.484,0.487,3.0,4.0,0.756,2.4,5.1,7.5,1.6,1.4,0.4,1.9,2.9,11.7,,1994-95,1995
126.0,Spud Webb,31.0,SAC,PG,76.0,76.0,32.3,4.0,9.1,0.438,0.6,1.9,0.331,3.3,7.2,0.467,0.473,3.0,3.2,0.934,0.4,1.9,2.3,6.2,1.0,0.1,2.4,1.9,11.6,,1994-95,1995
127.0,Scott Burrell,24.0,CHH,SF,65.0,62.0,31.0,4.3,9.1,0.467,1.5,3.6,0.409,2.8,5.5,0.506,0.548,1.5,2.2,0.694,1.5,4.2,5.7,2.5,1.2,0.6,1.3,2.9,11.5,,1994-95,1995
128.0,Derek Harper,33.0,NYK,PG,80.0,80.0,34.0,4.2,9.5,0.446,1.3,3.7,0.363,2.9,5.8,0.498,0.516,1.7,2.4,0.724,0.4,2.0,2.4,5.7,1.0,0.1,1.9,2.7,11.5,,1994-95,1995
129.0,Dikembe Mutombo,28.0,DEN,C,82.0,82.0,37.8,4.3,7.7,0.556,0.0,0.0,,4.3,7.7,0.556,0.556,3.0,4.6,0.654,3.9,8.7,12.5,1.4,0.5,3.9,2.3,3.5,11.5,"DPOY-1,AS",1994-95,1995
130.0,Sharone Wright,22.0,PHI,C,79.0,49.0,25.9,4.6,9.8,0.465,0.0,0.1,0.0,4.6,9.7,0.47,0.465,2.3,3.6,0.645,2.4,3.6,6.0,0.6,0.5,1.3,1.9,3.1,11.4,,1994-95,1995
131.0,Dale Ellis,34.0,DEN,SF,81.0,3.0,24.6,4.3,9.6,0.453,1.3,3.2,0.403,3.0,6.3,0.479,0.522,1.4,1.6,0.866,0.7,2.0,2.7,0.7,0.5,0.1,1.0,1.8,11.3,,1994-95,1995
132.0,A.C. Green,31.0,PHO,SF,82.0,52.0,32.8,3.8,7.5,0.504,0.5,1.5,0.339,3.3,6.0,0.547,0.539,3.1,4.2,0.732,2.4,5.8,8.2,1.5,0.7,0.4,1.4,1.8,11.2,,1994-95,1995
133.0,Bryant Stith,24.0,DEN,SG,81.0,51.0,28.8,3.9,8.2,0.472,0.2,0.8,0.294,3.6,7.3,0.492,0.487,3.3,4.0,0.824,1.2,2.1,3.3,1.9,1.1,0.2,1.4,1.8,11.2,,1994-95,1995
134.0,Benoit Benjamin,30.0,NJN,C,61.0,57.0,26.2,4.4,8.7,0.51,0.0,0.0,,4.4,8.7,0.51,0.51,2.2,2.9,0.76,1.5,5.7,7.2,0.6,0.4,1.0,2.0,2.5,11.1,,1994-95,1995
135.0,Muggsy Bogues,30.0,CHH,PG,78.0,78.0,33.7,4.5,9.4,0.477,0.1,0.4,0.2,4.4,9.0,0.489,0.481,2.1,2.3,0.889,0.7,2.6,3.3,8.7,1.3,0.0,1.7,1.9,11.1,,1994-95,1995
136.0,Don MacLean,25.0,WSB,PF,39.0,20.0,27.0,4.1,9.3,0.438,0.3,1.0,0.25,3.8,8.2,0.461,0.452,2.7,3.5,0.765,1.2,3.1,4.2,1.3,0.4,0.1,1.1,2.5,11.0,,1994-95,1995
137.0,Bobby Phills,25.0,CLE,SG,80.0,79.0,31.3,4.2,10.2,0.414,0.2,0.7,0.345,4.0,9.5,0.419,0.426,2.3,2.9,0.779,1.1,2.2,3.3,2.3,1.4,0.3,1.4,2.6,11.0,,1994-95,1995
138.0,Pooh Richardson,28.0,LAC,PG,80.0,77.0,35.8,4.4,11.2,0.394,1.1,3.1,0.357,3.3,8.2,0.407,0.442,1.0,1.6,0.648,0.5,2.8,3.3,7.9,1.6,0.2,2.1,2.7,10.9,,1994-95,1995
139.0,Sean Rooks,25.0,MIN,C,80.0,70.0,30.1,3.6,7.7,0.47,0.0,0.1,0.0,3.6,7.6,0.474,0.47,3.6,4.8,0.761,2.1,4.0,6.1,1.2,0.4,0.9,1.8,2.6,10.9,,1994-95,1995
140.0,Chuck Person,30.0,SAS,SF,81.0,1.0,25.1,3.9,9.3,0.423,2.1,5.5,0.387,1.8,3.8,0.475,0.537,0.8,1.3,0.647,0.6,2.6,3.2,1.3,0.6,0.1,1.3,2.4,10.8,6MOY-3,1994-95,1995
141.0,Olden Polynice,30.0,SAC,C,81.0,81.0,31.3,4.6,8.5,0.544,0.0,0.0,1.0,4.6,8.5,0.543,0.545,1.5,2.4,0.639,3.4,5.5,9.0,0.8,0.6,0.6,1.4,2.9,10.8,,1994-95,1995
142.0,Dale Davis,25.0,IND,PF,74.0,70.0,31.7,4.4,7.8,0.563,0.0,0.0,0.0,4.4,7.8,0.563,0.563,1.9,3.5,0.533,3.5,5.9,9.4,0.8,1.0,1.6,1.7,3.0,10.6,,1994-95,1995
143.0,David Benoit,26.0,UTA,SF,71.0,67.0,25.9,4.0,8.3,0.486,0.5,1.6,0.33,3.5,6.6,0.523,0.518,1.9,2.2,0.841,1.4,3.8,5.2,0.8,0.6,0.7,1.1,2.6,10.4,,1994-95,1995
144.0,Terry Dehere,23.0,LAC,PG,80.0,28.0,22.2,3.5,8.6,0.407,0.6,2.0,0.294,2.9,6.5,0.443,0.442,2.9,3.7,0.784,0.4,1.5,1.9,2.8,0.6,0.1,2.0,2.5,10.4,,1994-95,1995
145.0,Anthony Peeler,25.0,LAL,SG,73.0,24.0,21.4,3.9,9.0,0.432,1.2,3.0,0.389,2.8,6.1,0.454,0.496,1.4,1.8,0.797,0.8,1.5,2.3,1.7,0.7,0.2,1.1,2.0,10.4,,1994-95,1995
146.0,Wesley Person,23.0,PHO,SG,78.0,56.0,23.1,4.0,8.2,0.484,1.5,3.4,0.436,2.5,4.8,0.519,0.575,1.0,1.3,0.792,0.9,1.7,2.6,1.3,0.6,0.3,1.0,1.9,10.4,,1994-95,1995
147.0,Kenny Smith,29.0,HOU,PG,81.0,81.0,25.1,3.5,7.3,0.484,1.8,4.1,0.429,1.8,3.2,0.553,0.604,1.6,1.8,0.851,0.3,1.6,1.9,4.0,0.9,0.1,1.5,1.3,10.4,,1994-95,1995
148.0,Popeye Jones,24.0,DAL,PF,80.0,80.0,29.8,4.7,10.5,0.443,0.0,0.2,0.083,4.6,10.3,0.449,0.444,1.0,1.6,0.645,4.1,6.4,10.6,2.0,0.4,0.3,1.6,3.3,10.3,,1994-95,1995
149.0,Robert Horry,24.0,HOU,PF,64.0,61.0,32.4,3.8,8.4,0.447,1.3,3.5,0.379,2.4,4.8,0.497,0.527,1.3,1.8,0.761,1.3,3.8,5.1,3.4,1.5,1.2,1.9,2.5,10.2,,1994-95,1995
150.0,Charles Oakley,31.0,NYK,PF,50.0,49.0,31.3,3.8,7.9,0.489,0.1,0.2,0.25,3.8,7.6,0.496,0.492,2.4,3.0,0.793,3.1,5.8,8.9,2.5,1.2,0.1,2.1,3.6,10.1,,1994-95,1995
151.0,Victor Alexander,25.0,GSW,C,50.0,29.0,24.7,4.6,8.9,0.515,0.1,0.5,0.24,4.5,8.4,0.531,0.521,0.7,1.2,0.6,1.7,4.1,5.8,1.2,0.6,0.6,1.5,2.9,10.0,,1994-95,1995
152.0,Bimbo Coles,26.0,MIA,PG,68.0,65.0,32.5,3.8,8.9,0.43,0.2,1.1,0.211,3.6,7.8,0.461,0.443,2.1,2.6,0.81,0.7,2.1,2.8,6.1,1.5,0.2,2.3,2.7,10.0,,1994-95,1995
153.0,Hubert Davis,24.0,NYK,SG,82.0,4.0,20.7,3.6,7.5,0.48,1.6,3.5,0.455,2.0,4.0,0.502,0.586,1.2,1.5,0.808,0.4,1.0,1.3,1.8,0.4,0.1,1.1,1.8,10.0,,1994-95,1995
154.0,Eric Montross,23.0,BOS,C,78.0,75.0,29.7,3.9,7.4,0.534,0.0,0.0,0.0,3.9,7.4,0.535,0.534,2.1,3.4,0.635,2.5,4.7,7.3,0.5,0.4,0.8,1.4,3.8,10.0,,1994-95,1995
155.0,Gheorghe Mureșan,23.0,WSB,C,73.0,58.0,23.6,4.2,7.4,0.56,0.0,0.0,,4.2,7.4,0.56,0.56,1.7,2.4,0.709,2.5,4.2,6.7,0.5,0.7,1.7,1.6,3.5,10.0,,1994-95,1995
156.0,Byron Scott,33.0,IND,PG,80.0,1.0,19.1,3.3,7.3,0.455,1.0,2.5,0.389,2.3,4.8,0.489,0.522,2.4,2.8,0.85,0.2,1.7,1.9,1.4,0.8,0.2,1.5,1.5,10.0,6MOY-6,1994-95,1995
157.0,Wayman Tisdale,30.0,PHO,PF,65.0,13.0,19.6,4.3,8.8,0.484,0.0,0.0,,4.3,8.8,0.484,0.484,1.4,1.9,0.77,1.3,2.5,3.8,0.7,0.4,0.4,1.0,2.9,10.0,,1994-95,1995
158.0,Vincent Askew,28.0,SEA,SG,71.0,1.0,24.2,3.5,7.1,0.492,0.4,1.3,0.33,3.1,5.8,0.529,0.523,2.5,3.4,0.739,0.9,1.6,2.5,2.5,0.7,0.2,1.2,2.7,9.9,,1994-95,1995
159.0,Marty Conlon,27.0,MIL,C,82.0,3.0,25.2,4.2,7.9,0.532,0.1,0.4,0.276,4.1,7.5,0.544,0.538,1.5,2.4,0.613,2.0,3.2,5.2,1.3,0.5,0.2,1.5,2.7,9.9,,1994-95,1995
160.0,Anthony Mason,28.0,NYK,PF,77.0,11.0,32.4,3.7,6.6,0.566,0.0,0.0,0.0,3.7,6.6,0.567,0.566,2.5,3.9,0.641,2.4,6.1,8.4,3.1,0.9,0.3,1.6,3.3,9.9,6MOY-1,1994-95,1995
161.0,Craig Ehlo,33.0,ATL,SG,49.0,0.0,23.8,3.9,8.6,0.453,1.0,2.7,0.381,2.9,5.9,0.486,0.513,0.9,1.4,0.62,1.1,1.9,3.0,2.3,0.9,0.1,1.5,1.8,9.7,,1994-95,1995
162.0,Andrew Lang,28.0,ATL,C,82.0,63.0,28.5,3.9,8.3,0.473,0.0,0.0,0.667,3.9,8.2,0.472,0.474,1.9,2.3,0.809,1.9,3.7,5.6,0.9,0.5,1.8,1.3,3.3,9.7,,1994-95,1995
163.0,Elliot Perry,25.0,PHO,PG,82.0,51.0,24.1,3.7,7.2,0.52,0.3,0.7,0.417,3.4,6.4,0.532,0.542,1.9,2.4,0.81,0.6,1.2,1.8,4.8,1.9,0.0,2.0,1.7,9.7,,1994-95,1995
164.0,Antoine Carr,33.0,UTA,C,78.0,4.0,21.5,3.7,7.0,0.531,0.0,0.1,0.25,3.7,6.9,0.533,0.532,2.1,2.6,0.821,1.0,2.4,3.4,0.9,0.3,0.9,1.1,3.2,9.6,6MOY-7,1994-95,1995
165.0,George McCloud,27.0,DAL,SF,42.0,3.0,19.1,3.4,7.8,0.439,0.8,2.1,0.382,2.6,5.7,0.46,0.491,1.9,2.3,0.833,2.0,1.5,3.5,1.3,0.5,0.2,1.0,1.7,9.6,,1994-95,1995
166.0,Shawn Bradley,22.0,PHI,C,82.0,59.0,28.8,3.8,8.5,0.455,0.0,0.0,0.0,3.8,8.4,0.457,0.455,1.8,2.8,0.638,3.0,5.1,8.0,0.6,0.7,3.3,1.7,4.1,9.5,,1994-95,1995
167.0,Sam Cassell,25.0,HOU,PG,82.0,1.0,23.0,3.1,7.2,0.427,0.8,2.3,0.33,2.3,4.9,0.473,0.48,2.6,3.1,0.843,0.5,2.1,2.6,4.9,1.1,0.2,2.0,2.5,9.5,,1994-95,1995
168.0,Lucious Harris,24.0,DAL,SG,79.0,31.0,21.5,3.5,7.7,0.459,0.7,1.8,0.387,2.8,5.9,0.481,0.504,1.7,2.2,0.8,1.1,1.7,2.8,1.7,0.7,0.2,1.0,1.3,9.5,,1994-95,1995
169.0,Sedale Threatt,33.0,LAL,PG,59.0,2.0,23.5,3.7,7.4,0.497,0.6,1.6,0.379,3.1,5.8,0.529,0.538,1.5,1.9,0.793,0.4,1.7,2.1,4.2,0.9,0.2,1.2,2.4,9.5,,1994-95,1995
170.0,Šarūnas Marčiulionis,30.0,SEA,SG,66.0,4.0,18.1,3.3,6.9,0.473,0.5,1.3,0.402,2.7,5.6,0.489,0.511,2.2,3.0,0.732,0.3,0.8,1.0,1.7,1.1,0.0,1.5,1.9,9.3,,1994-95,1995
171.0,Tony Massenburg,27.0,LAC,C,80.0,50.0,26.6,3.5,7.5,0.469,0.0,0.0,0.0,3.5,7.5,0.472,0.469,2.2,2.9,0.753,2.0,3.7,5.7,0.8,0.6,0.7,1.5,3.2,9.3,,1994-95,1995
172.0,Felton Spencer,27.0,UTA,C,34.0,34.0,26.6,3.1,6.3,0.488,0.0,0.0,,3.1,6.3,0.488,0.488,3.1,4.0,0.793,2.6,5.0,7.6,0.5,0.4,0.9,2.0,3.9,9.3,,1994-95,1995
173.0,Khalid Reeves,22.0,MIA,PG,67.0,17.0,21.8,3.1,6.9,0.443,1.0,2.6,0.392,2.1,4.4,0.473,0.515,2.1,2.9,0.714,0.8,2.0,2.8,4.3,1.1,0.1,2.0,2.1,9.2,,1994-95,1995
174.0,James Robinson,24.0,POR,PG,71.0,25.0,21.7,3.6,8.8,0.409,1.1,3.1,0.341,2.5,5.6,0.446,0.47,0.9,1.5,0.591,0.6,1.3,1.9,2.5,0.7,0.2,1.8,2.0,9.2,,1994-95,1995
175.0,Buck Williams,34.0,POR,PF,82.0,82.0,29.5,3.8,7.4,0.512,0.0,0.0,0.5,3.8,7.3,0.512,0.512,1.7,2.5,0.673,3.1,5.1,8.2,1.0,0.8,0.8,1.5,3.1,9.2,,1994-95,1995
176.0,Harvey Grant,29.0,POR,PF,75.0,14.0,23.6,3.8,8.3,0.461,0.1,0.3,0.308,3.7,7.9,0.467,0.467,1.4,1.9,0.705,1.4,2.4,3.8,1.1,0.7,0.7,0.8,2.2,9.1,,1994-95,1995
177.0,Donald Royal,28.0,ORL,SF,70.0,68.0,26.3,2.9,6.2,0.475,0.0,0.1,0.0,2.9,6.1,0.479,0.475,3.2,4.3,0.746,1.2,2.8,4.0,2.8,0.6,0.2,1.8,2.2,9.1,,1994-95,1995
178.0,Terry Porter,31.0,POR,PG,35.0,9.0,22.0,3.0,7.6,0.393,1.3,3.3,0.386,1.7,4.4,0.399,0.476,1.7,2.3,0.707,0.5,1.8,2.3,3.8,0.9,0.1,1.7,1.7,8.9,,1994-95,1995
179.0,Carlos Rogers,23.0,GSW,C,49.0,18.0,20.8,3.7,6.9,0.529,0.0,0.3,0.143,3.6,6.7,0.546,0.532,1.6,3.0,0.521,2.2,3.5,5.7,0.8,0.4,1.1,1.7,2.5,8.9,,1994-95,1995
180.0,Mario Elie,31.0,HOU,SF,81.0,13.0,23.4,3.0,6.0,0.499,1.0,2.5,0.398,2.0,3.5,0.57,0.581,1.8,2.1,0.842,0.6,1.8,2.4,2.3,0.8,0.1,1.3,2.0,8.8,,1994-95,1995
181.0,Rick Fox,25.0,BOS,SF,53.0,7.0,19.6,3.2,6.6,0.481,0.6,1.4,0.413,2.6,5.2,0.5,0.526,1.8,2.3,0.772,1.2,1.8,2.9,2.6,1.0,0.4,1.5,2.9,8.8,,1994-95,1995
182.0,Xavier McDaniel,31.0,BOS,SF,68.0,15.0,21.0,3.6,8.0,0.451,0.1,0.3,0.286,3.5,7.7,0.457,0.456,1.3,1.8,0.712,1.4,3.0,4.4,1.6,0.4,0.3,1.3,2.1,8.6,,1994-95,1995
183.0,Oliver Miller,24.0,DET,PF,64.0,22.0,24.3,3.6,6.5,0.555,0.0,0.2,0.231,3.6,6.3,0.565,0.559,1.2,1.9,0.629,2.5,4.9,7.4,1.5,0.9,1.8,1.8,3.4,8.5,,1994-95,1995
184.0,Rafael Addison,30.0,DET,SF,79.0,16.0,22.5,3.5,7.4,0.476,0.3,1.1,0.289,3.2,6.4,0.507,0.497,0.9,1.3,0.747,0.8,2.2,3.1,1.4,0.7,0.3,1.0,3.0,8.3,,1994-95,1995
185.0,Matt Geiger,25.0,MIA,C,74.0,43.0,23.1,3.5,6.6,0.536,0.1,0.1,0.4,3.5,6.4,0.539,0.54,1.3,1.9,0.65,2.0,3.6,5.6,0.7,0.6,0.7,1.5,3.3,8.3,,1994-95,1995
186.0,Jeff Grayer,29.0,PHI,SG,47.0,25.0,23.4,3.5,8.1,0.428,0.1,0.3,0.333,3.4,7.8,0.432,0.434,1.2,1.8,0.699,1.2,1.9,3.2,1.6,0.6,0.1,1.2,1.7,8.3,,1994-95,1995
187.0,Steve Kerr,29.0,CHI,PG,82.0,0.0,22.4,3.2,6.0,0.527,1.1,2.1,0.524,2.1,4.0,0.529,0.617,0.8,1.0,0.778,0.2,1.2,1.5,1.8,0.5,0.0,0.6,1.4,8.2,,1994-95,1995
188.0,Jalen Rose,22.0,DEN,SF,81.0,37.0,22.2,2.8,6.2,0.454,0.4,1.4,0.316,2.4,4.8,0.495,0.49,2.1,2.9,0.739,0.7,2.0,2.7,4.8,0.8,0.3,2.0,2.5,8.2,,1994-95,1995
189.0,P.J. Brown,25.0,NJN,C,80.0,63.0,30.8,3.2,7.1,0.446,0.1,0.3,0.167,3.1,6.8,0.458,0.449,1.7,2.6,0.671,2.2,3.9,6.1,1.7,0.9,1.7,1.0,3.3,8.1,,1994-95,1995
190.0,Jerome Kersey,32.0,POR,SF,63.0,0.0,18.1,3.2,7.8,0.415,0.1,0.4,0.259,3.1,7.3,0.424,0.422,1.5,2.0,0.766,1.5,2.6,4.1,1.3,0.8,0.6,1.0,2.7,8.1,,1994-95,1995
191.0,Will Perdue,29.0,CHI,C,78.0,78.0,20.4,3.3,5.9,0.553,0.0,0.0,0.0,3.3,5.9,0.555,0.553,1.4,2.5,0.582,2.7,4.0,6.7,1.2,0.3,0.7,1.5,2.8,8.0,,1994-95,1995
192.0,Mitchell Butler,24.0,WSB,SG,76.0,5.0,20.4,2.8,6.7,0.421,0.6,1.9,0.326,2.2,4.8,0.458,0.467,1.6,2.4,0.665,0.6,1.7,2.2,1.2,0.8,0.1,1.4,2.0,7.9,,1994-95,1995
193.0,Bison Dele,25.0,DEN,C,63.0,10.0,20.0,3.1,5.3,0.589,0.0,0.0,,3.1,5.3,0.589,0.589,1.7,2.6,0.654,1.6,3.2,4.7,0.8,0.6,0.7,1.8,3.3,7.9,,1994-95,1995
194.0,Danny Ainge,35.0,PHO,SG,74.0,1.0,18.6,2.6,5.7,0.46,1.1,2.9,0.364,1.6,2.8,0.558,0.552,1.4,1.8,0.808,0.3,1.1,1.5,2.8,0.6,0.1,1.1,2.1,7.7,,1994-95,1995
195.0,Johnny Newman,31.0,MIL,SF,82.0,11.0,23.1,2.8,6.0,0.463,0.5,1.6,0.352,2.2,4.4,0.503,0.509,1.7,2.1,0.801,0.9,1.2,2.1,1.1,0.8,0.2,1.0,2.9,7.7,,1994-95,1995
196.0,Antonio Davis,26.0,IND,PF,44.0,1.0,23.4,2.5,5.6,0.445,0.0,0.0,,2.5,5.6,0.445,0.445,2.7,4.0,0.672,2.4,4.0,6.4,0.6,0.4,0.7,1.5,3.0,7.6,,1994-95,1995
197.0,Mark Jackson,29.0,IND,PG,82.0,67.0,29.3,2.9,6.9,0.422,0.3,1.1,0.31,2.6,5.8,0.443,0.446,1.5,1.9,0.778,0.9,2.8,3.7,7.5,1.3,0.2,2.6,1.8,7.6,,1994-95,1995
198.0,Danny Ferry,28.0,CLE,PF,82.0,6.0,15.7,2.7,6.1,0.446,1.1,2.8,0.403,1.6,3.3,0.483,0.54,0.9,1.0,0.881,0.4,1.4,1.7,1.2,0.3,0.3,0.7,1.6,7.5,,1994-95,1995
199.0,Lindsey Hunter,24.0,DET,PG,42.0,26.0,22.5,2.8,7.6,0.374,0.9,2.6,0.333,2.0,5.0,0.395,0.431,1.0,1.3,0.727,0.6,1.2,1.8,3.8,1.2,0.2,1.9,2.2,7.5,,1994-95,1995
200.0,Darrick Martin,23.0,MIN,PG,34.0,9.0,23.6,2.8,6.9,0.408,0.2,1.1,0.184,2.6,5.7,0.451,0.423,1.7,1.9,0.877,0.4,1.5,1.9,3.9,1.0,0.0,1.8,2.6,7.5,,1994-95,1995
201.0,Mark West,34.0,DET,C,67.0,58.0,23.0,3.2,5.8,0.556,0.0,0.0,,3.2,5.8,0.556,0.556,1.0,2.1,0.478,2.4,3.7,6.1,0.3,0.4,1.5,1.3,3.7,7.5,,1994-95,1995
202.0,Kevin Gamble,29.0,MIA,SF,77.0,0.0,15.9,2.9,5.8,0.489,0.5,1.3,0.398,2.4,4.6,0.514,0.532,1.1,1.4,0.784,0.4,1.2,1.6,1.5,0.7,0.1,0.6,1.7,7.4,,1994-95,1995
203.0,Keith Jennings,26.0,GSW,PG,80.0,24.0,21.5,2.4,5.3,0.447,0.9,2.6,0.368,1.4,2.8,0.52,0.535,1.7,1.9,0.876,0.3,1.5,1.9,4.7,1.2,0.0,1.5,1.7,7.4,,1994-95,1995
204.0,Ryan Lorthridge,22.0,GSW,SG,37.0,2.0,18.2,2.9,6.0,0.475,0.1,0.4,0.214,2.8,5.6,0.493,0.482,1.5,2.4,0.648,0.6,1.3,1.9,2.7,0.8,0.0,1.5,1.1,7.4,,1994-95,1995
205.0,David Wesley,24.0,BOS,PG,51.0,36.0,27.1,2.5,6.1,0.409,1.0,2.3,0.429,1.5,3.8,0.397,0.49,1.4,1.8,0.755,0.6,1.7,2.3,5.2,1.6,0.2,1.7,2.8,7.4,,1994-95,1995
206.0,Ledell Eackles,28.0,MIA,SG,54.0,6.0,16.6,2.6,6.0,0.439,0.3,0.8,0.439,2.3,5.3,0.439,0.466,1.7,2.3,0.722,0.6,1.1,1.8,1.3,0.4,0.0,1.0,1.6,7.3,,1994-95,1995
207.0,Tim Legler,28.0,GSW,SG,24.0,0.0,15.5,2.5,4.8,0.522,1.1,2.1,0.52,1.4,2.7,0.523,0.635,1.3,1.4,0.882,0.5,1.2,1.7,1.1,0.5,0.0,0.8,1.4,7.3,,1994-95,1995
208.0,Harold Miner,23.0,MIA,SG,45.0,16.0,19.4,2.7,6.8,0.403,0.3,1.1,0.286,2.4,5.7,0.426,0.426,1.5,2.1,0.726,0.8,1.8,2.6,1.5,0.3,0.1,1.7,1.9,7.3,,1994-95,1995
209.0,John Salley,30.0,MIA,C,75.0,50.0,26.1,2.6,5.3,0.499,0.0,0.0,,2.6,5.3,0.499,0.499,2.0,2.8,0.739,1.5,3.0,4.5,1.6,0.6,1.1,1.3,3.7,7.3,,1994-95,1995
210.0,Kevin Duckworth,30.0,WSB,C,40.0,22.0,20.5,3.0,6.7,0.442,0.1,0.3,0.2,2.9,6.4,0.451,0.446,1.1,1.8,0.643,1.6,3.3,4.9,0.5,0.5,0.6,1.5,2.8,7.1,,1994-95,1995
211.0,Dennis Rodman,33.0,SAS,PF,49.0,26.0,32.0,2.8,4.9,0.571,0.0,0.0,0.0,2.8,4.9,0.576,0.571,1.5,2.3,0.676,5.6,11.2,16.8,2.0,0.6,0.5,2.0,3.2,7.1,"MVP-12,DPOY-5,NBA3",1994-95,1995
212.0,Doug Overton,25.0,WSB,PG,82.0,20.0,20.8,2.5,6.1,0.416,0.6,1.5,0.424,1.9,4.5,0.413,0.469,1.3,1.5,0.872,0.3,1.4,1.7,3.0,0.6,0.0,1.3,1.5,7.0,,1994-95,1995
213.0,Eric Piatkowski,24.0,LAC,SG,81.0,11.0,14.9,2.5,5.6,0.441,0.9,2.4,0.374,1.6,3.2,0.492,0.522,1.1,1.4,0.783,0.8,0.9,1.6,1.0,0.5,0.2,0.8,1.9,7.0,,1994-95,1995
214.0,J.R. Reid,26.0,SAS,PF,81.0,37.0,19.3,2.5,4.9,0.508,0.0,0.0,0.5,2.5,4.9,0.508,0.509,2.0,2.9,0.687,1.5,3.4,4.9,0.7,0.7,0.4,1.4,2.8,7.0,,1994-95,1995
215.0,Lloyd Daniels,27.0,2TM,SG,30.0,14.0,20.1,2.7,7.0,0.383,0.9,3.3,0.26,1.8,3.6,0.495,0.445,0.7,0.9,0.815,1.0,1.1,2.1,1.3,0.7,0.3,1.0,1.6,6.9,,1994-95,1995
216.0,Lloyd Daniels,27.0,PHI,SG,5.0,0.0,12.6,1.8,5.4,0.333,0.6,2.8,0.214,1.2,2.6,0.462,0.389,0.4,0.4,1.0,0.4,1.0,1.4,0.8,0.4,0.0,1.6,1.6,4.6,,1994-95,1995
217.0,Lloyd Daniels,27.0,LAL,SG,25.0,14.0,21.6,2.8,7.3,0.39,0.9,3.4,0.267,1.9,3.8,0.5,0.453,0.8,1.0,0.8,1.1,1.2,2.2,1.4,0.8,0.4,0.9,1.6,7.4,,1994-95,1995
218.0,Blue Edwards,29.0,2TM,SF,67.0,7.0,16.6,2.7,5.9,0.461,0.3,1.1,0.293,2.4,4.7,0.5,0.489,1.1,1.3,0.833,0.7,1.2,1.9,1.1,0.6,0.2,1.2,2.1,6.9,,1994-95,1995
219.0,Blue Edwards,29.0,BOS,SF,31.0,7.0,16.4,2.7,6.3,0.426,0.4,1.4,0.256,2.3,4.9,0.474,0.454,1.4,1.5,0.896,0.8,1.3,2.1,1.5,0.6,0.3,1.3,2.1,7.1,,1994-95,1995
220.0,Blue Edwards,29.0,UTA,SF,36.0,0.0,16.8,2.7,5.5,0.495,0.3,0.9,0.344,2.4,4.6,0.524,0.523,0.9,1.2,0.762,0.7,1.1,1.8,0.8,0.7,0.2,1.2,2.2,6.6,,1994-95,1995
221.0,Ron Harper,31.0,CHI,SG,77.0,53.0,19.9,2.7,6.4,0.426,0.4,1.4,0.282,2.3,4.9,0.467,0.457,1.1,1.7,0.618,0.7,1.7,2.3,2.0,1.3,0.4,1.3,1.7,6.9,,1994-95,1995
222.0,Michael Smith,22.0,SAC,PF,82.0,0.0,21.2,2.7,5.0,0.542,0.0,0.0,0.0,2.7,4.9,0.545,0.542,1.5,3.2,0.485,2.1,3.8,5.9,0.8,0.7,0.6,1.3,2.9,6.9,,1994-95,1995
223.0,Elmore Spencer,25.0,LAC,C,19.0,8.0,19.4,2.7,6.2,0.441,0.0,0.1,0.0,2.7,6.2,0.444,0.441,1.5,2.6,0.56,0.6,2.8,3.4,1.3,0.7,1.2,2.5,3.3,6.9,,1994-95,1995
224.0,Terry Cummings,33.0,SAS,PF,76.0,20.0,16.8,2.9,6.1,0.483,0.0,0.0,,2.9,6.1,0.483,0.483,0.9,1.6,0.585,1.8,3.2,5.0,0.8,0.5,0.3,1.3,2.5,6.8,,1994-95,1995
225.0,Pervis Ellison,27.0,BOS,C,55.0,11.0,19.7,2.8,5.5,0.507,0.0,0.0,0.0,2.8,5.4,0.51,0.507,1.3,1.8,0.717,2.3,3.4,5.6,0.6,0.4,1.0,1.4,3.3,6.8,,1994-95,1995
226.0,Carl Herrera,28.0,HOU,PF,61.0,26.0,21.8,2.8,5.4,0.523,0.0,0.0,0.0,2.8,5.3,0.526,0.523,1.2,1.9,0.624,1.6,3.0,4.6,0.7,0.7,0.6,1.2,2.2,6.8,,1994-95,1995
227.0,Clifford Rozier,22.0,GSW,C,66.0,34.0,22.6,2.9,5.9,0.485,0.0,0.1,0.286,2.8,5.8,0.488,0.487,1.0,2.3,0.447,3.0,4.3,7.4,0.7,0.5,0.6,1.3,3.0,6.8,,1994-95,1995
228.0,Michael Adams,32.0,CHH,PG,29.0,0.0,15.3,2.3,5.1,0.453,1.0,2.8,0.358,1.3,2.3,0.567,0.551,0.9,1.0,0.833,0.2,0.8,1.0,3.3,0.8,0.0,0.9,1.4,6.5,,1994-95,1995
229.0,Johnny Dawkins,31.0,DET,PG,50.0,9.0,23.4,2.5,5.4,0.463,0.5,1.5,0.342,2.0,3.9,0.508,0.509,1.0,1.1,0.909,0.6,1.7,2.3,4.1,1.0,0.0,1.7,1.5,6.5,,1994-95,1995
230.0,Luc Longley,26.0,CHI,C,55.0,0.0,18.2,2.5,5.5,0.447,0.0,0.0,0.0,2.5,5.5,0.45,0.447,1.6,1.9,0.822,1.5,3.3,4.8,1.3,0.4,0.8,1.6,3.2,6.5,,1994-95,1995
231.0,Aaron McKie,22.0,POR,SG,45.0,20.0,18.4,2.6,5.8,0.444,0.2,0.6,0.393,2.3,5.2,0.451,0.466,1.1,1.6,0.685,0.8,2.1,2.9,2.0,0.8,0.4,0.9,2.2,6.5,,1994-95,1995
232.0,Sam Mitchell,31.0,IND,SF,81.0,12.0,17.0,2.5,5.1,0.487,0.0,0.1,0.1,2.5,5.0,0.496,0.488,1.6,2.1,0.724,1.2,1.8,3.0,0.8,0.5,0.2,0.7,2.5,6.5,,1994-95,1995
233.0,Rex Walters,24.0,NJN,SG,80.0,30.0,17.9,2.6,5.9,0.439,0.9,2.5,0.362,1.7,3.4,0.495,0.515,0.5,0.7,0.769,0.2,0.9,1.2,1.5,0.5,0.2,0.9,1.7,6.5,,1994-95,1995
234.0,Brian Shaw,28.0,ORL,PG,78.0,9.0,23.5,2.5,6.3,0.389,0.6,2.4,0.261,1.8,4.0,0.465,0.437,0.9,1.2,0.737,0.7,2.4,3.1,5.2,0.9,0.2,2.4,2.4,6.4,,1994-95,1995
235.0,Scott Williams,26.0,PHI,PF,77.0,43.0,23.1,2.7,5.6,0.475,0.0,0.1,0.0,2.7,5.5,0.482,0.475,1.0,1.4,0.738,2.2,4.1,6.3,0.8,0.9,0.5,1.1,3.1,6.4,,1994-95,1995
236.0,Derek Strong,26.0,BOS,PF,70.0,24.0,19.2,2.1,4.7,0.453,0.0,0.1,0.286,2.1,4.6,0.457,0.456,2.0,2.5,0.82,1.9,3.4,5.4,0.6,0.3,0.2,1.1,2.0,6.3,,1994-95,1995
237.0,Tom Chambers,35.0,UTA,PF,81.0,4.0,15.3,2.4,5.3,0.457,0.0,0.3,0.167,2.4,5.0,0.474,0.461,1.3,1.7,0.807,0.8,1.8,2.6,0.9,0.3,0.4,0.6,2.1,6.2,,1994-95,1995
238.0,Tyrone Corbin,32.0,ATL,SF,81.0,4.0,17.1,2.5,5.7,0.442,0.2,0.7,0.25,2.4,5.0,0.468,0.457,1.0,1.4,0.684,1.2,2.0,3.2,0.8,0.7,0.2,0.9,2.0,6.2,,1994-95,1995
239.0,Gary Grant,29.0,LAC,PG,33.0,2.0,14.2,2.4,5.0,0.47,0.1,0.5,0.25,2.2,4.5,0.493,0.482,1.4,1.7,0.818,0.2,0.8,1.1,2.8,0.9,0.1,1.3,2.0,6.2,,1994-95,1995
240.0,Greg Anthony,27.0,NYK,PG,61.0,2.0,15.5,2.1,4.8,0.437,0.9,2.5,0.361,1.2,2.3,0.522,0.532,1.0,1.2,0.789,0.1,0.9,1.0,2.6,0.8,0.1,0.9,1.6,6.1,,1994-95,1995
241.0,Chucky Brown,26.0,HOU,SF,41.0,14.0,19.9,2.6,4.2,0.603,0.0,0.1,0.333,2.5,4.2,0.608,0.606,0.9,1.5,0.613,1.6,3.0,4.6,0.7,0.3,0.3,0.7,2.6,6.1,,1994-95,1995
242.0,Winston Garland,30.0,MIN,PG,73.0,58.0,26.5,2.3,5.6,0.415,0.3,1.0,0.253,2.1,4.6,0.451,0.438,1.2,1.5,0.795,0.7,1.6,2.3,4.4,1.0,0.2,1.4,2.5,6.1,,1994-95,1995
243.0,Adam Keefe,24.0,UTA,SF,75.0,0.0,16.9,2.3,4.0,0.577,0.0,0.0,,2.3,4.0,0.577,0.577,1.6,2.3,0.676,1.8,2.6,4.4,0.4,0.5,0.3,0.8,1.9,6.1,,1994-95,1995
244.0,George Lynch,24.0,LAL,SF,56.0,15.0,17.0,2.5,5.3,0.468,0.1,0.4,0.143,2.4,4.9,0.493,0.473,1.1,1.5,0.721,1.3,1.9,3.3,1.1,0.9,0.2,1.3,1.5,6.1,,1994-95,1995
245.0,Tony Campbell,32.0,CLE,SF,78.0,0.0,14.5,2.1,5.0,0.411,0.2,0.5,0.357,1.9,4.5,0.417,0.43,1.7,2.0,0.83,0.8,1.2,2.0,0.9,0.4,0.1,0.8,1.6,6.0,,1994-95,1995
246.0,Kenny Gattison,30.0,CHH,PF,21.0,0.0,19.5,2.2,4.8,0.47,0.0,0.0,0.0,2.2,4.7,0.475,0.47,1.5,2.4,0.608,1.0,2.6,3.6,0.8,0.3,0.7,1.0,3.0,6.0,,1994-95,1995
247.0,Greg Minor,23.0,BOS,SG,63.0,8.0,15.0,2.5,4.8,0.515,0.0,0.2,0.167,2.4,4.6,0.529,0.518,1.0,1.2,0.833,0.8,1.4,2.2,1.0,0.5,0.3,0.7,1.4,6.0,,1994-95,1995
248.0,Micheal Williams,28.0,MIN,PG,1.0,1.0,28.0,1.0,4.0,0.25,0.0,0.0,,1.0,4.0,0.25,0.25,4.0,5.0,0.8,0.0,1.0,1.0,3.0,2.0,0.0,3.0,3.0,6.0,,1994-95,1995
249.0,Tom Hammonds,27.0,DEN,PF,70.0,5.0,13.7,2.0,3.7,0.535,0.0,0.0,0.0,2.0,3.7,0.537,0.535,1.9,2.5,0.746,0.8,2.4,3.2,0.5,0.2,0.2,0.8,1.9,5.9,,1994-95,1995
250.0,Scott Brooks,29.0,2TM,PG,59.0,0.0,13.7,2.1,4.7,0.458,0.4,1.2,0.362,1.7,3.5,0.49,0.504,1.1,1.3,0.81,0.2,0.9,1.1,2.0,0.6,0.1,0.8,0.9,5.8,,1994-95,1995
251.0,Scott Brooks,29.0,HOU,PG,28.0,0.0,6.6,1.3,2.3,0.538,0.3,0.6,0.471,1.0,1.7,0.563,0.6,0.6,0.8,0.857,0.0,0.4,0.5,0.8,0.3,0.0,0.5,0.5,3.4,,1994-95,1995
252.0,Scott Brooks,29.0,DAL,PG,31.0,0.0,20.1,2.9,6.8,0.433,0.5,1.7,0.327,2.4,5.1,0.468,0.474,1.5,1.9,0.793,0.4,1.3,1.7,3.0,0.8,0.1,1.1,1.4,7.9,,1994-95,1995
253.0,Chris Childs,27.0,NJN,PG,53.0,11.0,19.3,2.0,5.3,0.38,0.8,2.4,0.328,1.2,2.9,0.422,0.453,1.0,1.4,0.753,0.3,1.0,1.3,4.1,0.8,0.1,1.4,2.2,5.8,,1994-95,1995
254.0,Lee Mayberry,24.0,MIL,PG,82.0,50.0,21.3,2.1,5.0,0.422,0.9,2.2,0.407,1.2,2.8,0.433,0.51,0.7,1.0,0.699,0.3,0.7,1.0,3.4,0.6,0.0,1.3,1.5,5.8,,1994-95,1995
255.0,Lionel Simmons,26.0,SAC,SF,58.0,3.0,18.3,2.3,5.4,0.42,0.1,0.3,0.375,2.2,5.1,0.422,0.429,1.0,1.4,0.702,1.1,2.3,3.4,1.5,0.5,0.4,1.2,2.0,5.6,,1994-95,1995
256.0,Tony Smith,26.0,LAL,SG,61.0,4.0,16.8,2.2,5.1,0.427,0.5,1.5,0.352,1.6,3.6,0.459,0.479,0.7,1.0,0.698,0.7,1.0,1.8,1.7,0.8,0.1,0.8,1.8,5.6,,1994-95,1995
257.0,Anthony Bowie,31.0,ORL,SG,77.0,4.0,16.4,2.3,4.8,0.48,0.2,0.5,0.3,2.1,4.3,0.502,0.496,0.8,0.9,0.836,0.7,1.1,1.8,2.1,0.6,0.3,1.1,1.8,5.5,,1994-95,1995
258.0,Chris Dudley,29.0,POR,C,82.0,82.0,27.4,2.2,5.4,0.406,0.0,0.0,0.0,2.2,5.4,0.407,0.406,1.0,2.2,0.464,4.0,5.4,9.3,0.4,0.5,1.5,1.0,3.5,5.5,,1994-95,1995
259.0,Richard Dumas,25.0,PHO,SF,15.0,1.0,11.1,2.5,4.9,0.507,0.0,0.1,0.0,2.5,4.8,0.514,0.507,0.5,1.1,0.5,1.2,0.7,1.9,0.5,0.7,0.1,0.6,1.5,5.5,,1994-95,1995
260.0,David Wood,30.0,GSW,PF,78.0,13.0,17.1,2.0,4.2,0.469,0.4,1.2,0.341,1.6,3.0,0.519,0.517,1.2,1.5,0.778,1.1,2.0,3.1,0.8,0.4,0.2,0.7,2.8,5.5,,1994-95,1995
261.0,Jo Jo English,24.0,CHI,SG,8.0,0.0,15.9,1.9,4.9,0.385,0.4,1.5,0.25,1.5,3.4,0.444,0.423,1.3,1.6,0.769,0.1,0.3,0.4,0.9,0.9,0.1,0.8,2.4,5.4,,1994-95,1995
262.0,Pete Chilcutt,26.0,HOU,PF,68.0,17.0,19.8,2.1,4.8,0.445,0.5,1.3,0.407,1.6,3.6,0.459,0.498,0.5,0.6,0.738,1.6,3.1,4.7,1.0,0.4,0.6,0.9,1.7,5.3,,1994-95,1995
263.0,Stacey King,28.0,MIN,PF,50.0,10.0,15.8,2.0,4.2,0.467,0.0,0.0,0.0,2.0,4.2,0.469,0.467,1.4,2.0,0.667,1.1,2.2,3.3,0.5,0.5,0.4,1.3,2.5,5.3,,1994-95,1995
264.0,Michael Smith,29.0,LAC,PF,29.0,0.0,11.0,2.2,4.6,0.47,0.0,0.3,0.125,2.1,4.3,0.492,0.474,0.9,1.0,0.867,0.4,1.5,1.9,0.7,0.2,0.1,0.6,1.4,5.3,,1994-95,1995
265.0,Nate McMillan,30.0,SEA,PG,80.0,18.0,25.9,2.1,5.0,0.418,0.7,1.9,0.342,1.4,3.0,0.467,0.485,0.4,0.7,0.586,0.8,3.0,3.8,5.3,2.1,0.7,1.6,3.4,5.2,"DPOY-6,6MOY-4",1994-95,1995
266.0,Bo Outlaw,23.0,LAC,PF,81.0,31.0,20.4,2.1,4.0,0.523,0.0,0.1,0.0,2.1,4.0,0.531,0.523,1.0,2.3,0.441,1.5,2.4,3.9,1.0,1.1,1.9,1.0,2.8,5.2,,1994-95,1995
267.0,Doc Rivers,33.0,2TM,PG,63.0,0.0,15.7,1.7,4.8,0.358,0.7,2.0,0.354,1.0,2.8,0.36,0.432,1.0,1.3,0.732,0.2,1.5,1.7,2.6,1.0,0.3,1.0,2.4,5.1,,1994-95,1995
268.0,Doc Rivers,33.0,NYK,PG,3.0,0.0,15.7,1.3,4.3,0.308,1.0,1.7,0.6,0.3,2.7,0.125,0.423,2.7,3.7,0.727,0.7,2.3,3.0,2.7,1.3,0.0,1.3,2.7,6.3,,1994-95,1995
269.0,Doc Rivers,33.0,SAS,PG,60.0,0.0,15.7,1.7,4.8,0.36,0.7,2.0,0.344,1.0,2.8,0.371,0.433,0.9,1.2,0.732,0.2,1.5,1.7,2.6,1.0,0.4,0.9,2.4,5.0,,1994-95,1995
270.0,Pat Durham,27.0,MIN,SF,59.0,2.0,14.4,2.0,4.0,0.494,0.1,0.4,0.192,1.9,3.6,0.531,0.504,1.1,1.6,0.656,0.6,1.0,1.6,0.9,0.6,0.5,0.8,1.9,5.1,,1994-95,1995
271.0,Doug Smith,25.0,DAL,PF,63.0,0.0,13.1,2.1,5.0,0.417,0.0,0.2,0.083,2.1,4.8,0.43,0.419,0.9,1.2,0.76,0.7,1.6,2.3,0.7,0.5,0.4,0.6,2.1,5.1,,1994-95,1995
272.0,Mark Bryant,29.0,POR,PF,49.0,0.0,13.4,2.1,3.9,0.526,0.0,0.0,0.5,2.0,3.9,0.526,0.529,0.8,1.3,0.651,1.1,2.2,3.3,0.6,0.4,0.3,0.8,2.2,5.0,,1994-95,1995
273.0,Michael Cage,33.0,CLE,C,82.0,21.0,24.9,2.2,4.1,0.521,0.0,0.0,0.0,2.2,4.1,0.524,0.521,0.6,1.1,0.602,2.5,4.4,6.9,0.7,0.7,0.8,0.7,1.8,5.0,,1994-95,1995
274.0,Corey Gaines,29.0,PHI,SG,11.0,8.0,25.5,2.2,4.6,0.471,0.2,1.4,0.133,2.0,3.3,0.611,0.49,0.5,1.0,0.455,0.1,1.5,1.6,3.0,0.7,0.1,1.3,2.1,5.0,,1994-95,1995
275.0,Greg Graham,24.0,PHI,SG,50.0,7.0,15.5,1.9,4.5,0.426,0.1,0.6,0.214,1.8,3.9,0.456,0.439,1.1,1.5,0.753,0.4,0.9,1.2,1.3,0.6,0.1,1.0,1.5,5.0,,1994-95,1995
276.0,Mark Macon,25.0,DET,SG,55.0,6.0,13.1,1.8,4.8,0.381,0.4,1.1,0.323,1.5,3.7,0.399,0.419,1.0,1.2,0.794,0.5,0.9,1.4,1.1,1.2,0.0,0.7,1.8,5.0,,1994-95,1995
277.0,Chris Smith,24.0,MIN,SG,64.0,17.0,16.8,1.8,4.1,0.439,0.7,1.7,0.435,1.1,2.4,0.442,0.528,0.6,1.0,0.651,0.2,0.9,1.1,2.3,0.5,0.3,0.8,1.9,5.0,,1994-95,1995
278.0,Greg Sutton,27.0,CHH,PG,53.0,4.0,13.0,1.8,4.3,0.409,0.8,2.2,0.374,1.0,2.2,0.443,0.502,0.6,0.8,0.711,0.2,0.9,1.1,1.7,0.6,0.0,1.0,2.2,5.0,,1994-95,1995
279.0,Bill Wennington,31.0,CHI,C,73.0,1.0,13.1,2.1,4.3,0.492,0.0,0.1,0.0,2.1,4.3,0.498,0.492,0.7,0.9,0.81,0.9,1.7,2.6,0.5,0.3,0.2,0.5,2.7,5.0,,1994-95,1995
280.0,Greg Foster,26.0,2TM,PF,78.0,3.0,14.7,1.9,4.1,0.472,0.1,0.3,0.304,1.8,3.8,0.485,0.483,1.0,1.4,0.703,1.1,2.2,3.3,0.5,0.2,0.4,0.9,2.3,4.9,,1994-95,1995
281.0,Greg Foster,26.0,CHI,PF,17.0,3.0,17.6,2.4,5.1,0.477,0.0,0.0,,2.4,5.1,0.477,0.477,1.3,1.8,0.71,1.1,2.1,3.2,0.9,0.1,0.5,1.0,3.2,6.1,,1994-95,1995
282.0,Greg Foster,26.0,MIN,PF,61.0,0.0,13.9,1.8,3.8,0.47,0.1,0.4,0.304,1.7,3.4,0.488,0.485,0.9,1.3,0.7,1.1,2.3,3.4,0.4,0.2,0.3,0.9,2.1,4.6,,1994-95,1995
283.0,Willie Anderson,28.0,SAS,SG,38.0,11.0,14.6,2.0,4.3,0.469,0.1,0.5,0.158,1.9,3.8,0.51,0.478,0.8,1.1,0.732,0.4,1.1,1.4,1.4,0.7,0.3,1.0,1.9,4.9,,1994-95,1995
284.0,Tracy Murray,23.0,2TM,SF,54.0,3.0,9.6,1.8,4.3,0.408,0.6,1.6,0.407,1.1,2.7,0.408,0.483,0.6,0.8,0.786,0.4,0.7,1.1,0.4,0.3,0.1,0.6,1.4,4.8,,1994-95,1995
285.0,Tracy Murray,23.0,POR,SF,29.0,3.0,10.8,2.2,5.3,0.412,0.6,1.4,0.39,1.6,3.9,0.42,0.464,1.0,1.2,0.824,0.6,0.7,1.3,0.5,0.2,0.0,0.7,1.4,5.9,,1994-95,1995
286.0,Tracy Murray,23.0,HOU,SF,25.0,0.0,8.1,1.3,3.2,0.4,0.8,1.8,0.422,0.5,1.4,0.371,0.519,0.2,0.3,0.625,0.1,0.8,0.9,0.2,0.3,0.1,0.6,1.2,3.5,,1994-95,1995
287.0,Robert Parish,41.0,CHH,C,81.0,4.0,16.7,2.0,4.6,0.427,0.0,0.0,,2.0,4.6,0.427,0.427,0.9,1.2,0.703,1.1,3.2,4.3,0.5,0.3,0.4,0.8,1.6,4.8,,1994-95,1995
288.0,Trevor Ruffin,24.0,PHO,PG,49.0,1.0,6.5,1.7,4.0,0.426,0.8,2.0,0.384,0.9,2.0,0.469,0.523,0.6,0.8,0.711,0.2,0.3,0.5,1.0,0.3,0.0,1.0,1.1,4.8,,1994-95,1995
289.0,Reggie Slater,24.0,DEN,PF,25.0,0.0,9.4,1.6,3.2,0.494,0.0,0.0,,1.6,3.2,0.494,0.494,1.6,2.2,0.727,0.8,1.4,2.3,0.5,0.3,0.1,1.0,1.9,4.8,,1994-95,1995
290.0,Jayson Williams,26.0,NJN,PF,75.0,6.0,13.1,2.0,4.3,0.461,0.0,0.1,0.0,2.0,4.2,0.469,0.461,0.9,1.6,0.533,2.4,3.3,5.7,0.5,0.3,0.4,0.8,2.1,4.8,,1994-95,1995
291.0,Walter Bond,25.0,2TM,SG,23.0,0.0,12.6,1.7,3.7,0.464,0.7,1.8,0.366,1.0,1.9,0.558,0.554,0.6,0.9,0.7,0.3,1.0,1.4,1.0,0.3,0.2,0.7,2.0,4.7,,1994-95,1995
292.0,Walter Bond,25.0,DET,SG,5.0,0.0,10.2,0.6,2.4,0.25,0.2,0.8,0.25,0.4,1.6,0.25,0.292,0.6,0.8,0.75,0.2,0.8,1.0,1.4,0.2,0.0,0.6,2.0,2.0,,1994-95,1995
293.0,Walter Bond,25.0,UTA,SG,18.0,0.0,13.3,2.0,4.0,0.5,0.8,2.1,0.378,1.2,1.9,0.629,0.597,0.6,0.9,0.688,0.4,1.1,1.5,0.9,0.3,0.2,0.8,2.1,5.4,,1994-95,1995
294.0,Alaa Abdelnaby,26.0,2TM,PF,54.0,0.0,9.4,2.2,4.3,0.511,0.0,0.0,0.0,2.2,4.2,0.515,0.511,0.4,0.6,0.571,0.7,1.4,2.1,0.2,0.3,0.2,0.8,1.9,4.7,,1994-95,1995
295.0,Alaa Abdelnaby,26.0,SAC,PF,51.0,0.0,9.3,2.3,4.3,0.532,0.0,0.0,0.0,2.3,4.3,0.537,0.532,0.4,0.7,0.571,0.7,1.4,2.1,0.3,0.3,0.2,0.8,2.0,5.0,,1994-95,1995
296.0,Alaa Abdelnaby,26.0,PHI,PF,3.0,0.0,10.0,0.3,3.7,0.091,0.0,0.0,,0.3,3.7,0.091,0.091,0.0,0.0,,1.0,1.7,2.7,0.0,0.0,0.0,1.7,0.7,0.7,,1994-95,1995
297.0,Derrick Alston,22.0,PHI,C,64.0,1.0,16.1,1.9,4.0,0.465,0.0,0.1,0.0,1.9,4.0,0.472,0.465,0.9,1.9,0.492,1.5,1.9,3.4,0.5,0.6,0.5,0.8,1.7,4.7,,1994-95,1995
298.0,Tony Bennett,25.0,CHH,PG,3.0,0.0,15.3,2.0,4.3,0.462,0.7,3.0,0.222,1.3,1.3,1.0,0.538,0.0,0.0,,0.0,0.7,0.7,1.3,0.0,0.0,1.0,2.0,4.7,,1994-95,1995
299.0,Randy Brown,26.0,SAC,PG,67.0,2.0,16.2,1.9,4.3,0.432,0.2,0.7,0.298,1.6,3.6,0.458,0.456,0.8,1.2,0.671,0.4,1.3,1.6,2.0,1.5,0.3,1.2,2.3,4.7,,1994-95,1995
300.0,Matt Fish,25.0,LAC,C,26.0,8.0,14.2,1.9,4.0,0.476,0.0,0.0,0.0,1.9,3.9,0.48,0.476,1.0,1.4,0.676,1.2,2.0,3.2,0.7,0.6,0.3,1.1,2.7,4.7,,1994-95,1995
301.0,Tony Harris,27.0,BOS,SG,3.0,0.0,6.0,1.0,2.7,0.375,0.0,0.3,0.0,1.0,2.3,0.429,0.375,2.7,3.0,0.889,0.0,0.0,0.0,0.0,0.0,0.0,0.3,0.7,4.7,,1994-95,1995
302.0,Sean Higgins,26.0,NJN,SF,57.0,7.0,12.9,1.8,4.8,0.385,0.4,1.4,0.295,1.4,3.4,0.421,0.427,0.6,0.7,0.875,0.4,0.9,1.4,0.5,0.2,0.2,0.6,1.6,4.7,,1994-95,1995
303.0,Keith Askins,27.0,MIA,SF,50.0,5.0,17.1,1.6,4.1,0.391,0.4,1.6,0.269,1.2,2.6,0.465,0.442,0.9,1.1,0.807,1.7,2.2,4.0,0.8,0.7,0.3,0.5,2.2,4.6,,1994-95,1995
304.0,Sam Bowie,33.0,LAL,C,67.0,10.0,18.3,1.8,4.0,0.442,0.0,0.2,0.182,1.7,3.8,0.453,0.446,1.0,1.3,0.764,1.1,3.2,4.3,1.8,0.3,1.2,1.4,2.7,4.6,,1994-95,1995
305.0,Tony Dumas,22.0,DAL,SG,58.0,0.0,10.6,1.7,4.3,0.384,0.4,1.3,0.301,1.3,3.1,0.418,0.428,0.9,1.3,0.649,0.6,0.5,1.1,1.0,0.2,0.1,0.9,1.3,4.6,,1994-95,1995
306.0,Vern Fleming,32.0,IND,PG,55.0,1.0,12.5,1.7,3.4,0.495,0.0,0.1,0.0,1.7,3.3,0.514,0.495,1.2,1.6,0.722,0.4,1.2,1.6,2.0,0.5,0.0,0.8,1.5,4.6,,1994-95,1995
307.0,Jerome Harmon,25.0,PHI,SG,10.0,0.0,15.8,2.1,5.3,0.396,0.1,0.1,1.0,2.0,5.2,0.385,0.406,0.3,0.6,0.5,0.9,1.4,2.3,1.2,0.9,0.0,0.7,1.2,4.6,,1994-95,1995
308.0,Pete Myers,31.0,CHI,SG,71.0,14.0,17.9,1.7,4.0,0.415,0.1,0.5,0.256,1.5,3.5,0.44,0.432,1.0,1.6,0.614,0.8,1.2,2.0,2.1,0.8,0.2,1.2,1.8,4.5,,1994-95,1995
309.0,Bryon Russell,24.0,UTA,SF,63.0,15.0,13.7,1.7,3.8,0.437,0.2,0.7,0.295,1.4,3.1,0.469,0.464,1.0,1.5,0.667,0.7,1.5,2.2,0.5,0.8,0.2,0.7,1.6,4.5,,1994-95,1995
310.0,Charles Shackleford,28.0,MIN,PF,21.0,2.0,11.4,1.9,3.1,0.6,0.0,0.0,,1.9,3.1,0.6,0.6,0.8,1.0,0.8,0.8,2.4,3.2,0.4,0.4,0.3,0.4,2.2,4.5,,1994-95,1995
311.0,Larry Krystkowiak,30.0,CHI,PF,19.0,14.0,15.1,1.5,3.8,0.389,0.0,0.0,,1.5,3.8,0.389,0.389,1.4,1.6,0.9,1.0,2.1,3.1,1.4,0.5,0.1,1.3,1.8,4.4,,1994-95,1995
312.0,Brad Lohaus,30.0,MIA,PF,61.0,1.0,12.0,1.6,3.8,0.42,1.0,2.5,0.406,0.6,1.2,0.447,0.556,0.2,0.2,0.667,0.5,1.2,1.7,0.7,0.3,0.4,0.5,1.4,4.4,,1994-95,1995
313.0,Eric Riley,24.0,LAC,C,40.0,4.0,10.9,1.6,3.6,0.448,0.0,0.0,0.0,1.6,3.6,0.451,0.448,1.2,1.6,0.734,1.1,1.7,2.8,0.3,0.4,0.9,0.8,2.0,4.4,,1994-95,1995
314.0,Danny Schayes,35.0,PHO,C,69.0,27.0,11.9,1.8,3.6,0.508,0.0,0.0,1.0,1.8,3.6,0.506,0.51,0.7,1.0,0.725,0.8,2.2,3.0,1.3,0.3,0.5,0.9,2.5,4.4,,1994-95,1995
315.0,Negele Knight,27.0,2TM,PG,47.0,17.0,15.1,1.8,4.6,0.397,0.2,0.6,0.393,1.6,4.0,0.398,0.423,0.4,0.5,0.72,0.4,0.9,1.3,2.7,0.4,0.1,1.0,1.5,4.2,,1994-95,1995
316.0,Negele Knight,27.0,POR,PG,3.0,0.0,14.3,2.3,5.0,0.467,0.0,0.0,,2.3,5.0,0.467,0.467,1.3,1.3,1.0,0.3,0.7,1.0,3.7,0.3,0.0,1.3,1.7,6.0,,1994-95,1995
317.0,Negele Knight,27.0,DET,PG,44.0,17.0,15.1,1.8,4.5,0.392,0.3,0.6,0.393,1.5,3.9,0.392,0.42,0.3,0.5,0.667,0.5,0.9,1.3,2.6,0.5,0.1,1.0,1.5,4.1,,1994-95,1995
318.0,Bobby Hurley,23.0,SAC,PG,68.0,6.0,16.3,1.5,4.2,0.363,0.3,1.1,0.276,1.2,3.1,0.394,0.4,0.9,1.1,0.763,0.2,0.8,1.0,3.3,0.4,0.0,1.6,1.2,4.2,,1994-95,1995
319.0,Haywoode Workman,29.0,IND,PG,69.0,14.0,14.9,1.5,3.9,0.375,0.5,1.4,0.357,1.0,2.5,0.386,0.441,0.8,1.1,0.743,0.3,1.3,1.6,2.8,0.9,0.1,1.1,1.7,4.2,,1994-95,1995
320.0,John Battle,32.0,CLE,SG,28.0,0.0,10.0,1.5,4.1,0.377,0.4,1.1,0.355,1.1,3.0,0.386,0.425,0.7,0.9,0.731,0.1,0.3,0.4,1.3,0.3,0.0,0.6,1.0,4.1,,1994-95,1995
321.0,Duane Ferrell,29.0,IND,SF,56.0,1.0,10.8,1.5,3.1,0.48,0.0,0.1,0.167,1.5,3.0,0.491,0.483,1.1,1.5,0.753,0.9,0.7,1.6,0.6,0.5,0.1,0.8,1.4,4.1,,1994-95,1995
322.0,Sleepy Floyd,34.0,NJN,SG,48.0,1.0,17.3,1.5,4.4,0.335,0.5,1.8,0.284,1.0,2.6,0.371,0.394,0.6,0.9,0.698,0.2,1.0,1.1,2.6,0.3,0.1,1.1,1.5,4.1,,1994-95,1995
323.0,Askia Jones,23.0,MIN,SG,11.0,0.0,12.6,1.4,4.0,0.341,0.2,1.1,0.167,1.2,2.9,0.406,0.364,1.2,1.5,0.813,0.5,0.5,1.0,1.5,0.5,0.0,0.8,1.7,4.1,,1994-95,1995
324.0,Anthony Miller,23.0,LAL,PF,46.0,1.0,11.5,1.5,2.9,0.53,0.0,0.1,0.4,1.5,2.8,0.535,0.538,1.0,1.7,0.618,1.5,1.8,3.3,0.8,0.4,0.2,0.8,1.7,4.1,,1994-95,1995
325.0,Dwayne Morton,23.0,GSW,PG,41.0,6.0,9.6,1.2,3.1,0.388,0.2,0.6,0.36,1.0,2.5,0.394,0.422,1.4,2.1,0.682,0.5,0.9,1.4,0.4,0.3,0.4,0.7,1.1,4.1,,1994-95,1995
326.0,Jeff Turner,32.0,ORL,PF,49.0,5.0,11.8,1.5,3.6,0.41,0.6,1.5,0.36,0.9,2.1,0.447,0.486,0.5,0.6,0.897,0.5,1.5,2.0,0.8,0.2,0.1,0.4,2.1,4.1,,1994-95,1995
327.0,Tony Dawson,27.0,BOS,SF,2.0,0.0,6.5,1.5,4.0,0.375,0.5,1.5,0.333,1.0,2.5,0.4,0.438,0.5,0.5,1.0,0.0,1.5,1.5,0.5,0.0,0.0,1.0,2.0,4.0,,1994-95,1995
328.0,LaPhonso Ellis,24.0,DEN,PF,6.0,0.0,9.7,1.5,4.2,0.36,0.0,0.0,,1.5,4.2,0.36,0.36,1.0,1.0,1.0,1.2,1.7,2.8,0.7,0.2,0.8,0.8,2.0,4.0,,1994-95,1995
329.0,Geert Hammink,25.0,ORL,C,1.0,0.0,7.0,1.0,3.0,0.333,0.0,0.0,,1.0,3.0,0.333,0.333,2.0,2.0,1.0,0.0,2.0,2.0,1.0,0.0,0.0,0.0,1.0,4.0,,1994-95,1995
330.0,Lorenzo Williams,25.0,DAL,C,82.0,81.0,29.1,1.8,3.7,0.477,0.0,0.0,,1.8,3.7,0.477,0.477,0.5,1.2,0.376,3.5,4.9,8.4,1.5,0.6,1.8,1.3,3.7,4.0,,1994-95,1995
331.0,Donald Hodge,25.0,DAL,C,54.0,0.0,11.7,1.5,3.8,0.407,0.1,0.3,0.286,1.5,3.5,0.416,0.417,0.7,0.9,0.765,0.7,1.5,2.3,0.8,0.2,0.3,0.7,2.0,3.9,,1994-95,1995
332.0,Eric Leckner,28.0,DET,C,57.0,11.0,10.9,1.5,2.9,0.527,0.0,0.0,0.0,1.5,2.9,0.534,0.527,0.9,1.3,0.708,0.8,2.2,3.1,0.2,0.3,0.3,0.7,2.1,3.9,,1994-95,1995
333.0,Eric Mobley,24.0,MIL,C,46.0,26.0,12.8,1.7,2.9,0.591,0.0,0.0,1.0,1.7,2.8,0.585,0.598,0.5,1.0,0.489,1.2,2.1,3.3,0.5,0.2,0.6,0.5,1.4,3.9,,1994-95,1995
334.0,Anthony Tucker,25.0,WSB,SF,62.0,13.0,15.8,1.5,3.4,0.457,0.0,0.0,0.0,1.5,3.4,0.459,0.457,0.8,1.3,0.614,0.7,2.0,2.7,1.1,0.7,0.2,0.9,2.1,3.9,,1994-95,1995
335.0,Elmer Bennett,24.0,CLE,PG,4.0,0.0,4.5,1.5,2.8,0.545,0.0,0.5,0.0,1.5,2.3,0.667,0.545,0.8,1.0,0.75,0.0,0.3,0.3,0.8,1.0,0.0,0.8,0.8,3.8,,1994-95,1995
336.0,Anthony Bonner,26.0,NYK,PF,58.0,23.0,19.4,1.5,3.3,0.456,0.0,0.1,0.2,1.5,3.2,0.463,0.459,0.8,1.2,0.657,1.9,2.6,4.5,1.4,0.8,0.4,1.4,2.7,3.8,,1994-95,1995
337.0,Jud Buechler,26.0,CHI,SF,57.0,0.0,10.6,1.6,3.2,0.492,0.3,0.8,0.313,1.3,2.4,0.556,0.533,0.4,0.7,0.564,0.6,1.1,1.7,0.9,0.4,0.2,0.5,1.1,3.8,,1994-95,1995
338.0,Alphonso Ford,23.0,PHI,SG,5.0,0.0,19.6,1.8,7.8,0.231,0.0,1.8,0.0,1.8,6.0,0.3,0.231,0.2,0.4,0.5,1.6,2.4,4.0,1.8,0.2,0.0,1.6,1.0,3.8,,1994-95,1995
339.0,Fred Roberts,34.0,CLE,SF,21.0,0.0,10.6,1.3,3.4,0.389,0.2,0.5,0.364,1.1,2.9,0.393,0.417,1.0,1.2,0.769,0.6,1.0,1.6,0.4,0.3,0.1,0.3,1.2,3.8,,1994-95,1995
340.0,Jon Barry,25.0,MIL,SG,52.0,0.0,11.6,1.1,2.6,0.425,0.3,0.9,0.333,0.8,1.7,0.477,0.485,1.2,1.5,0.763,0.3,0.7,0.9,1.6,0.6,0.1,0.8,1.0,3.7,,1994-95,1995
341.0,John Crotty,25.0,UTA,PG,80.0,0.0,12.7,1.2,2.9,0.403,0.1,0.5,0.306,1.0,2.4,0.421,0.426,1.2,1.5,0.81,0.3,0.9,1.2,2.6,0.5,0.1,0.9,1.3,3.7,,1994-95,1995
342.0,Harold Ellis,24.0,LAC,SF,69.0,7.0,9.5,1.3,2.7,0.481,0.0,0.2,0.077,1.3,2.6,0.511,0.484,1.0,1.7,0.59,0.8,0.5,1.3,0.6,1.0,0.2,0.7,1.5,3.7,,1994-95,1995
343.0,Joe Kleine,33.0,PHO,C,75.0,42.0,12.9,1.6,3.5,0.449,0.0,0.0,0.0,1.6,3.5,0.452,0.449,0.6,0.7,0.857,1.1,2.4,3.5,0.5,0.2,0.2,0.5,2.3,3.7,,1994-95,1995
344.0,Anthony Avent,25.0,ORL,PF,71.0,3.0,15.0,1.5,3.4,0.43,0.0,0.0,,1.5,3.4,0.43,0.43,0.7,1.1,0.64,1.4,2.8,4.1,0.6,0.4,0.7,0.7,2.4,3.6,,1994-95,1995
345.0,Duane Causwell,26.0,SAC,C,58.0,24.0,14.1,1.3,2.5,0.517,0.0,0.0,0.0,1.3,2.5,0.521,0.517,1.0,1.7,0.582,1.0,2.0,3.0,0.3,0.2,1.4,0.6,2.5,3.6,,1994-95,1995
346.0,Corie Blount,26.0,CHI,PF,68.0,9.0,13.1,1.5,3.1,0.476,0.0,0.0,0.0,1.5,3.1,0.481,0.476,0.6,1.0,0.567,1.6,2.0,3.5,0.9,0.4,0.5,0.9,2.1,3.5,,1994-95,1995
347.0,Dickey Simpkins,22.0,CHI,PF,59.0,5.0,9.9,1.3,3.1,0.424,0.0,0.0,,1.3,3.1,0.424,0.424,0.8,1.2,0.694,1.0,1.5,2.6,0.6,0.2,0.1,0.8,1.2,3.5,,1994-95,1995
348.0,B.J. Tyler,23.0,PHI,PG,55.0,8.0,14.7,1.3,3.4,0.381,0.3,0.9,0.314,1.0,2.5,0.406,0.423,0.6,0.9,0.7,0.2,0.9,1.1,3.2,0.7,0.0,1.8,1.1,3.5,,1994-95,1995
349.0,Steve Colter,32.0,CLE,PG,57.0,7.0,13.2,1.2,3.0,0.396,0.1,0.6,0.229,1.0,2.4,0.44,0.42,0.9,1.2,0.761,0.2,0.8,1.0,1.8,0.5,0.1,0.6,0.9,3.4,,1994-95,1995
350.0,Byron Houston,25.0,SEA,PF,39.0,0.0,6.6,1.3,2.7,0.458,0.2,0.6,0.273,1.1,2.2,0.506,0.486,0.7,1.0,0.737,0.5,0.9,1.4,0.2,0.3,0.1,0.5,1.3,3.4,,1994-95,1995
351.0,Rick Mahorn,36.0,NJN,PF,58.0,7.0,10.9,1.4,2.6,0.523,0.0,0.1,0.333,1.3,2.6,0.527,0.526,0.7,0.8,0.796,0.8,2.0,2.8,0.4,0.2,0.2,0.6,1.6,3.4,,1994-95,1995
352.0,Danny Young,32.0,MIL,PG,7.0,0.0,11.0,1.3,2.4,0.529,0.7,1.7,0.417,0.6,0.7,0.8,0.676,0.1,0.1,1.0,0.1,0.6,0.7,1.7,0.6,0.0,0.6,1.1,3.4,,1994-95,1995
353.0,Darrell Armstrong,26.0,ORL,PG,3.0,0.0,2.7,1.0,2.7,0.375,0.7,2.0,0.333,0.3,0.7,0.5,0.5,0.7,0.7,1.0,0.3,0.0,0.3,1.0,0.3,0.0,0.3,1.0,3.3,,1994-95,1995
354.0,Darrin Hancock,23.0,CHH,SF,46.0,7.0,9.2,1.5,2.6,0.562,0.0,0.1,0.333,1.5,2.6,0.568,0.566,0.3,0.8,0.41,0.3,0.8,1.2,0.7,0.4,0.1,0.7,1.0,3.3,,1994-95,1995
355.0,Jaren Jackson,27.0,PHI,SG,21.0,1.0,12.2,1.2,3.2,0.368,0.2,0.7,0.267,1.0,2.5,0.396,0.397,0.8,1.1,0.667,0.9,1.1,2.0,0.9,0.4,0.2,0.8,1.6,3.3,,1994-95,1995
356.0,Randolph Keys,28.0,LAL,SF,6.0,0.0,13.8,1.5,4.3,0.346,0.0,1.5,0.0,1.5,2.8,0.529,0.346,0.3,0.3,1.0,1.0,1.8,2.8,0.3,0.2,0.3,0.3,2.7,3.3,,1994-95,1995
357.0,Jamie Watson,22.0,UTA,SF,60.0,1.0,11.2,1.3,2.5,0.5,0.1,0.3,0.263,1.2,2.2,0.534,0.516,0.6,0.9,0.679,0.3,1.0,1.2,1.0,0.6,0.2,0.9,1.4,3.3,,1994-95,1995
358.0,Herb Williams,36.0,NYK,C,56.0,3.0,13.3,1.5,3.2,0.456,0.0,0.0,,1.5,3.2,0.456,0.456,0.4,0.7,0.622,0.4,1.9,2.4,0.5,0.2,0.8,0.7,1.9,3.3,,1994-95,1995
359.0,Monty Williams,23.0,NYK,SF,41.0,23.0,12.3,1.5,3.2,0.451,0.0,0.2,0.0,1.5,3.0,0.48,0.451,0.4,0.9,0.447,1.0,1.4,2.4,1.2,0.5,0.1,1.0,2.1,3.3,,1994-95,1995
360.0,Morlon Wiley,28.0,2TM,PG,43.0,2.0,9.9,1.2,2.7,0.427,0.7,1.8,0.38,0.5,0.9,0.526,0.556,0.2,0.2,0.7,0.1,0.9,1.0,1.7,0.5,0.0,0.5,1.0,3.2,,1994-95,1995
361.0,Morlon Wiley,28.0,DAL,PG,38.0,2.0,10.7,1.2,2.9,0.423,0.8,2.0,0.387,0.5,0.9,0.5,0.554,0.2,0.3,0.7,0.2,0.9,1.0,1.8,0.6,0.0,0.5,1.2,3.4,,1994-95,1995
362.0,Morlon Wiley,28.0,ATL,PG,5.0,0.0,3.4,0.6,1.2,0.5,0.2,0.8,0.25,0.4,0.4,1.0,0.583,0.0,0.0,,0.0,0.8,0.8,1.2,0.2,0.2,0.8,0.0,1.4,,1994-95,1995
363.0,Steve Henson,26.0,POR,PG,37.0,0.0,10.3,1.0,2.3,0.43,0.6,1.4,0.442,0.4,0.9,0.412,0.564,0.6,0.7,0.88,0.1,0.6,0.7,2.3,0.2,0.0,0.8,1.4,3.2,,1994-95,1995
364.0,Ervin Johnson,27.0,SEA,C,64.0,30.0,14.2,1.3,3.0,0.443,0.0,0.0,0.0,1.3,3.0,0.445,0.443,0.5,0.7,0.63,1.6,2.9,4.5,0.3,0.3,1.0,0.8,2.5,3.1,,1994-95,1995
365.0,Brooks Thompson,24.0,ORL,PG,38.0,2.0,6.5,1.2,3.0,0.395,0.5,1.5,0.31,0.7,1.5,0.482,0.474,0.2,0.3,0.667,0.2,0.4,0.6,1.1,0.3,0.1,0.7,1.2,3.1,,1994-95,1995
366.0,Trevor Wilson,26.0,SAC,PF,15.0,0.0,9.8,1.2,2.7,0.45,0.0,0.0,,1.2,2.7,0.45,0.45,0.7,0.9,0.786,0.7,1.1,1.7,0.8,0.3,0.1,0.4,0.8,3.1,,1994-95,1995
367.0,Sergei Bazarevich,29.0,ATL,PG,10.0,0.0,7.4,1.1,2.2,0.5,0.1,0.6,0.167,1.0,1.6,0.625,0.523,0.7,0.9,0.778,0.1,0.6,0.7,1.4,0.1,0.1,0.7,1.0,3.0,,1994-95,1995
368.0,Manute Bol,32.0,GSW,C,5.0,2.0,16.2,1.2,2.0,0.6,0.6,1.0,0.6,0.6,1.0,0.6,0.75,0.0,0.0,,0.2,2.2,2.4,0.0,0.0,1.8,0.2,2.0,3.0,,1994-95,1995
369.0,Tim Breaux,24.0,HOU,SF,42.0,2.0,8.1,1.1,2.9,0.372,0.1,0.6,0.24,0.9,2.3,0.406,0.397,0.8,1.2,0.653,0.4,0.4,0.8,0.4,0.3,0.1,0.4,0.6,3.0,,1994-95,1995
370.0,Terry Davis,27.0,DAL,PF,46.0,2.0,12.6,1.1,2.5,0.434,0.0,0.0,0.0,1.1,2.4,0.441,0.434,0.9,1.4,0.636,1.4,2.0,3.4,0.2,0.1,0.1,0.7,1.7,3.0,,1994-95,1995
371.0,Antonio Harvey,24.0,LAL,PF,59.0,8.0,9.7,1.3,3.0,0.438,0.0,0.0,1.0,1.3,3.0,0.434,0.44,0.4,0.8,0.533,0.7,1.1,1.7,0.4,0.3,0.7,0.4,1.5,3.0,,1994-95,1995
372.0,Greg Anderson,30.0,ATL,PF,51.0,0.0,12.2,1.1,2.0,0.548,0.0,0.0,,1.1,2.0,0.548,0.548,0.7,1.4,0.479,1.2,2.5,3.7,0.3,0.5,0.6,0.6,2.0,2.9,,1994-95,1995
373.0,Jon Koncak,31.0,ATL,C,62.0,20.0,15.2,1.2,3.0,0.412,0.2,0.6,0.333,1.0,2.4,0.43,0.444,0.2,0.4,0.542,0.4,2.6,3.0,0.8,0.6,0.7,0.3,2.2,2.9,,1994-95,1995
374.0,Moses Malone,39.0,SAS,C,17.0,0.0,8.8,0.8,2.1,0.371,0.1,0.1,0.5,0.7,1.9,0.364,0.386,1.3,1.9,0.688,1.2,1.5,2.7,0.4,0.1,0.2,0.6,0.9,2.9,,1994-95,1995
375.0,LaSalle Thompson,33.0,IND,C,38.0,3.0,11.9,1.3,3.1,0.415,0.0,0.0,,1.3,3.1,0.415,0.415,0.4,0.4,0.875,0.7,1.6,2.3,0.5,0.5,0.3,0.9,2.0,2.9,,1994-95,1995
376.0,John Williams,28.0,IND,SF,34.0,0.0,11.8,1.2,3.4,0.357,0.1,0.4,0.333,1.1,3.0,0.359,0.374,0.4,0.7,0.56,0.7,1.1,1.8,0.8,0.3,0.1,1.0,1.4,2.9,,1994-95,1995
377.0,Alton Lister,36.0,MIL,C,60.0,32.0,12.9,1.1,2.2,0.493,0.0,0.0,0.0,1.1,2.2,0.496,0.493,0.6,1.2,0.5,1.1,2.8,3.9,0.2,0.3,1.0,0.6,2.4,2.8,,1994-95,1995
378.0,Bill Curley,22.0,DET,PF,53.0,1.0,11.2,1.1,2.5,0.433,0.0,0.0,,1.1,2.5,0.433,0.433,0.5,0.7,0.75,1.0,1.3,2.3,0.5,0.4,0.4,0.5,2.4,2.7,,1994-95,1995
379.0,James Edwards,39.0,POR,C,28.0,0.0,9.5,1.1,3.0,0.386,0.0,0.0,,1.1,3.0,0.386,0.386,0.4,0.6,0.647,0.4,1.2,1.5,0.3,0.2,0.3,0.5,1.6,2.7,,1994-95,1995
380.0,Aaron Swinson,24.0,PHO,SF,9.0,0.0,5.7,1.1,2.0,0.556,0.0,0.0,,1.1,2.0,0.556,0.556,0.4,0.6,0.8,0.3,0.6,0.9,0.3,0.1,0.0,0.6,0.9,2.7,,1994-95,1995
381.0,James Donaldson,37.0,UTA,C,43.0,40.0,14.3,1.0,1.7,0.595,0.0,0.0,,1.0,1.7,0.595,0.595,0.5,0.7,0.71,0.4,2.0,2.5,0.3,0.1,0.7,0.5,1.5,2.6,,1994-95,1995
382.0,Andrés Guibert,26.0,MIN,PF,17.0,0.0,9.8,0.9,2.8,0.34,0.0,0.2,0.0,0.9,2.5,0.372,0.34,0.8,1.1,0.684,0.9,1.7,2.6,0.6,0.5,0.1,0.7,1.7,2.6,,1994-95,1995
383.0,Larry Stewart,26.0,WSB,SF,40.0,0.0,8.7,1.0,2.2,0.461,0.0,0.1,0.0,1.0,2.2,0.471,0.461,0.5,0.8,0.667,0.7,1.0,1.7,0.5,0.4,0.2,0.4,1.3,2.6,,1994-95,1995
384.0,Ennis Whatley,32.0,ATL,PG,27.0,2.0,10.8,0.9,2.0,0.453,0.1,0.3,0.25,0.8,1.7,0.489,0.472,0.7,1.2,0.625,0.3,0.8,1.1,2.0,0.7,0.0,0.7,1.4,2.6,,1994-95,1995
385.0,Howard Eisley,22.0,2TM,PG,49.0,4.0,11.3,0.8,2.5,0.328,0.2,0.8,0.243,0.6,1.7,0.365,0.365,0.6,0.8,0.775,0.2,0.7,1.0,1.9,0.4,0.1,1.0,1.7,2.4,,1994-95,1995
386.0,Howard Eisley,22.0,MIN,PG,34.0,4.0,14.6,1.1,3.1,0.352,0.2,0.9,0.25,0.9,2.1,0.397,0.39,0.9,1.2,0.775,0.3,0.9,1.2,2.3,0.5,0.1,1.2,2.3,3.3,,1994-95,1995
387.0,Howard Eisley,22.0,SAS,PG,15.0,0.0,3.7,0.2,1.1,0.176,0.1,0.3,0.2,0.1,0.8,0.167,0.206,0.0,0.0,,0.1,0.3,0.4,1.2,0.0,0.1,0.5,0.2,0.5,,1994-95,1995
388.0,Bill Cartwright,37.0,SEA,C,29.0,19.0,14.8,0.9,2.4,0.391,0.0,0.0,,0.9,2.4,0.391,0.391,0.5,0.8,0.625,0.9,2.1,3.0,0.3,0.2,0.1,0.6,2.4,2.4,,1994-95,1995
389.0,Jack Haley,31.0,SAS,PF,31.0,0.0,3.8,0.8,2.0,0.426,0.0,0.0,0.0,0.8,1.9,0.433,0.426,0.7,1.0,0.656,0.3,0.6,0.9,0.1,0.1,0.2,0.4,1.0,2.4,,1994-95,1995
390.0,Kenny Walker,30.0,WSB,SF,24.0,0.0,11.1,0.8,1.8,0.429,0.0,0.0,,0.8,1.8,0.429,0.429,0.9,1.2,0.75,0.8,1.2,2.0,0.3,0.2,0.2,0.6,1.8,2.4,,1994-95,1995
391.0,Kevin Pritchard,27.0,2TM,PG,19.0,0.0,10.2,0.7,1.7,0.406,0.1,0.4,0.25,0.6,1.3,0.458,0.438,0.8,1.1,0.762,0.0,0.6,0.6,1.8,0.1,0.1,0.6,1.2,2.3,,1994-95,1995
392.0,Kevin Pritchard,27.0,PHI,PG,5.0,0.0,7.2,0.0,0.6,0.0,0.0,0.6,0.0,0.0,0.0,,0.0,0.2,0.8,0.25,0.0,0.2,0.2,2.2,0.0,0.0,1.0,0.6,0.2,,1994-95,1995
393.0,Kevin Pritchard,27.0,MIA,PG,14.0,0.0,11.3,0.9,2.1,0.448,0.1,0.4,0.4,0.8,1.7,0.458,0.483,1.1,1.2,0.882,0.0,0.8,0.8,1.6,0.1,0.1,0.5,1.4,3.1,,1994-95,1995
394.0,Cliff Levingston,34.0,DEN,PF,57.0,0.0,8.2,1.0,2.3,0.423,0.0,0.0,0.0,1.0,2.3,0.426,0.423,0.3,0.8,0.422,0.9,1.3,2.2,0.5,0.2,0.4,0.4,1.6,2.3,,1994-95,1995
395.0,Brian Oliver,26.0,WSB,SG,6.0,0.0,7.0,0.7,1.5,0.444,0.0,0.0,,0.7,1.5,0.444,0.444,1.0,1.3,0.75,0.0,0.7,0.7,0.7,0.0,0.0,0.5,1.3,2.3,,1994-95,1995
396.0,Ed Pinckney,31.0,MIL,PF,62.0,17.0,13.5,0.8,1.6,0.495,0.0,0.0,,0.8,1.6,0.495,0.495,0.7,1.0,0.71,1.0,2.4,3.4,0.3,0.5,0.3,0.4,1.0,2.3,,1994-95,1995
397.0,Henry Turner,28.0,SAC,PF,30.0,0.0,5.0,0.8,1.9,0.404,0.1,0.2,0.4,0.7,1.7,0.404,0.421,0.7,1.2,0.571,0.6,0.4,0.9,0.2,0.3,0.0,0.4,0.7,2.3,,1994-95,1995
398.0,David Wingate,31.0,CHH,SG,52.0,9.0,9.9,1.0,2.3,0.41,0.1,0.4,0.182,0.9,1.9,0.46,0.426,0.3,0.5,0.75,0.2,0.9,1.2,1.1,0.4,0.1,0.5,1.2,2.3,,1994-95,1995
399.0,Dontonio Wingfield,20.0,SEA,SF,20.0,0.0,4.1,0.9,2.6,0.353,0.1,0.6,0.167,0.8,2.0,0.41,0.373,0.4,0.5,0.8,0.6,1.0,1.5,0.2,0.3,0.2,0.4,0.8,2.3,,1994-95,1995
400.0,Acie Earl,24.0,BOS,C,30.0,3.0,6.9,0.9,2.3,0.382,0.0,0.0,,0.9,2.3,0.382,0.382,0.5,1.0,0.483,0.6,0.9,1.5,0.1,0.2,0.3,0.5,1.3,2.2,,1994-95,1995
401.0,Greg Grant,28.0,DEN,PG,14.0,0.0,10.8,0.7,2.4,0.303,0.1,0.5,0.286,0.6,1.9,0.308,0.333,0.6,0.9,0.75,0.1,0.5,0.6,3.1,0.4,0.1,1.0,1.4,2.2,,1994-95,1995
402.0,Steve Scheffler,27.0,SEA,C,18.0,0.0,5.7,0.7,1.3,0.522,0.0,0.0,,0.7,1.3,0.522,0.522,0.8,1.0,0.833,0.4,0.8,1.3,0.2,0.1,0.1,0.2,0.5,2.2,,1994-95,1995
403.0,Jim Les,31.0,ATL,PG,24.0,0.0,7.8,0.5,1.6,0.289,0.2,1.0,0.217,0.3,0.6,0.4,0.355,1.0,1.1,0.852,0.3,0.8,1.1,1.8,0.2,0.0,0.9,1.2,2.1,,1994-95,1995
404.0,Rod Higgins,35.0,GSW,SF,5.0,2.0,9.2,0.6,2.4,0.25,0.2,1.2,0.167,0.4,1.2,0.333,0.292,0.6,0.8,0.75,0.8,0.6,1.4,0.6,0.2,0.2,0.2,1.4,2.0,,1994-95,1995
405.0,Doug Lee,30.0,SAC,SG,22.0,0.0,3.4,0.4,1.1,0.36,0.3,0.8,0.389,0.1,0.3,0.286,0.5,0.8,1.0,0.857,0.0,0.2,0.2,0.2,0.3,0.1,0.2,0.8,2.0,,1994-95,1995
406.0,Bob Martin,25.0,LAC,C,1.0,0.0,14.0,1.0,5.0,0.2,0.0,0.0,,1.0,5.0,0.2,0.2,0.0,0.0,,2.0,0.0,2.0,1.0,0.0,1.0,0.0,2.0,2.0,,1994-95,1995
407.0,Eldridge Recasner,27.0,DEN,SG,3.0,0.0,4.3,0.3,2.0,0.167,0.0,0.3,0.0,0.3,1.7,0.2,0.167,1.3,1.3,1.0,0.0,0.7,0.7,0.3,1.0,0.0,0.7,0.0,2.0,,1994-95,1995
408.0,Dwayne Schintzius,26.0,NJN,C,43.0,11.0,7.4,1.0,2.5,0.38,0.0,0.0,,1.0,2.5,0.38,0.38,0.1,0.3,0.545,0.7,1.2,1.9,0.3,0.1,0.4,0.4,1.0,2.0,,1994-95,1995
409.0,Žan Tabak,24.0,HOU,C,37.0,0.0,4.9,0.6,1.4,0.453,0.0,0.0,0.0,0.6,1.4,0.462,0.453,0.7,1.2,0.614,0.6,0.9,1.5,0.1,0.1,0.2,0.5,1.0,2.0,,1994-95,1995
410.0,Randy Woods,24.0,LAC,PG,62.0,3.0,8.0,0.6,1.9,0.316,0.4,1.2,0.297,0.2,0.7,0.349,0.41,0.5,0.6,0.737,0.2,0.5,0.7,2.2,0.7,0.0,0.9,1.4,2.0,,1994-95,1995
411.0,Greg Dreiling,32.0,CLE,C,58.0,3.0,8.3,0.7,1.8,0.412,0.0,0.0,,0.7,1.8,0.412,0.412,0.4,0.7,0.634,0.6,1.4,2.0,0.4,0.1,0.4,0.4,1.9,1.9,,1994-95,1995
412.0,Doug Edwards,24.0,ATL,PF,38.0,0.0,5.6,0.6,1.3,0.458,0.0,0.0,0.0,0.6,1.2,0.468,0.458,0.6,0.8,0.719,0.5,0.8,1.3,0.3,0.1,0.1,0.6,0.8,1.8,,1994-95,1995
413.0,Mike Peplowski,24.0,DET,C,6.0,0.0,3.5,0.8,0.8,1.0,0.0,0.0,,0.8,0.8,1.0,1.0,0.2,0.3,0.5,0.2,0.3,0.5,0.2,0.2,0.0,0.3,1.7,1.8,,1994-95,1995
414.0,Tim Perry,29.0,PHI,PF,42.0,1.0,10.6,0.6,1.9,0.346,0.0,0.3,0.0,0.6,1.5,0.422,0.346,0.5,1.0,0.55,0.9,1.2,2.1,0.3,0.2,0.4,0.5,1.2,1.8,,1994-95,1995
415.0,Jim McIlvaine,22.0,WSB,C,55.0,0.0,9.7,0.6,1.3,0.479,0.0,0.0,,0.6,1.3,0.479,0.479,0.5,0.7,0.683,0.7,1.2,1.9,0.2,0.2,1.1,0.3,1.7,1.7,,1994-95,1995
416.0,Kurt Rambis,36.0,LAL,PF,26.0,1.0,7.5,0.7,1.3,0.514,0.0,0.0,,0.7,1.3,0.514,0.514,0.3,0.5,0.667,0.4,0.9,1.3,0.6,0.1,0.3,0.3,1.3,1.7,,1994-95,1995
417.0,Chris Whitney,23.0,SAS,PG,25.0,0.0,7.2,0.6,1.9,0.298,0.1,0.8,0.158,0.4,1.1,0.393,0.33,0.4,0.4,1.0,0.2,0.4,0.5,1.1,0.2,0.0,0.7,1.4,1.7,,1994-95,1995
418.0,Charlie Ward,24.0,NYK,PG,10.0,0.0,4.4,0.4,1.9,0.211,0.1,1.0,0.1,0.3,0.9,0.333,0.237,0.7,1.0,0.7,0.1,0.5,0.6,0.4,0.2,0.0,0.8,0.7,1.6,,1994-95,1995
419.0,Aaron Williams,23.0,MIL,PF,15.0,0.0,4.8,0.5,1.6,0.333,0.0,0.1,0.0,0.5,1.5,0.348,0.333,0.5,0.8,0.667,0.3,0.9,1.3,0.0,0.1,0.4,0.5,0.9,1.6,,1994-95,1995
420.0,Darnell Mee,23.0,DEN,SG,2.0,0.0,4.0,0.5,2.5,0.2,0.5,1.5,0.333,0.0,1.0,0.0,0.3,0.0,0.0,,0.0,0.5,0.5,1.0,0.5,0.0,0.0,0.0,1.5,,1994-95,1995
421.0,James Blackwell,26.0,2TM,PG,13.0,0.0,6.2,0.6,1.0,0.615,0.0,0.0,,0.6,1.0,0.615,0.615,0.2,0.2,0.667,0.2,0.7,0.8,0.8,0.3,0.0,0.4,0.6,1.4,,1994-95,1995
422.0,James Blackwell,26.0,CHH,PG,4.0,0.0,4.8,0.5,0.8,0.667,0.0,0.0,,0.5,0.8,0.667,0.667,0.0,0.0,,0.0,0.8,0.8,1.3,0.3,0.0,0.5,0.3,1.0,,1994-95,1995
423.0,James Blackwell,26.0,BOS,PG,9.0,0.0,6.8,0.7,1.1,0.6,0.0,0.0,,0.7,1.1,0.6,0.6,0.2,0.3,0.667,0.2,0.7,0.9,0.7,0.3,0.0,0.3,0.8,1.6,,1994-95,1995
424.0,Tom Tolbert,29.0,CHH,PF,10.0,0.0,5.7,0.6,1.8,0.333,0.0,0.4,0.0,0.6,1.4,0.429,0.333,0.2,0.2,1.0,0.7,1.0,1.7,0.2,0.0,0.0,0.3,0.9,1.4,,1994-95,1995
425.0,Joe Wolf,30.0,CHH,PF,63.0,6.0,9.3,0.6,1.3,0.469,0.0,0.1,0.333,0.6,1.2,0.48,0.481,0.2,0.3,0.75,0.5,1.5,2.0,0.6,0.1,0.1,0.3,1.6,1.4,,1994-95,1995
426.0,Mike Brown,31.0,MIN,C,27.0,0.0,7.9,0.4,1.5,0.25,0.0,0.0,0.0,0.4,1.4,0.256,0.25,0.6,1.0,0.556,0.3,1.3,1.7,0.4,0.3,0.0,0.6,1.3,1.3,,1994-95,1995
427.0,Doug Christie,24.0,NYK,SG,12.0,0.0,6.6,0.4,1.8,0.227,0.1,0.6,0.143,0.3,1.3,0.267,0.25,0.3,0.4,0.8,0.3,0.8,1.1,0.7,0.2,0.1,1.1,1.5,1.3,,1994-95,1995
428.0,Tate George,26.0,MIL,SG,3.0,0.0,2.7,0.3,1.0,0.333,0.0,0.3,0.0,0.3,0.7,0.5,0.333,0.7,0.7,1.0,0.3,0.0,0.3,0.0,0.0,0.0,0.7,0.3,1.3,,1994-95,1995
429.0,Julius Nwosu,23.0,SAS,C,23.0,0.0,3.7,0.4,1.2,0.321,0.0,0.0,,0.4,1.2,0.321,0.321,0.6,0.7,0.765,0.5,0.6,1.0,0.1,0.0,0.1,0.4,0.9,1.3,,1994-95,1995
430.0,Ivano Newbill,24.0,DET,SF,34.0,0.0,9.7,0.5,1.3,0.356,0.0,0.0,,0.5,1.3,0.356,0.356,0.2,0.6,0.364,1.2,1.2,2.4,0.5,0.4,0.3,0.4,1.8,1.2,,1994-95,1995
431.0,Tree Rollins,39.0,ORL,C,51.0,3.0,9.4,0.4,0.8,0.476,0.0,0.0,,0.4,0.8,0.476,0.476,0.4,0.6,0.677,0.6,1.3,1.9,0.2,0.1,0.7,0.5,1.2,1.2,,1994-95,1995
432.0,Jay Humphries,32.0,2TM,PG,18.0,0.0,11.2,0.4,1.9,0.235,0.1,0.2,0.5,0.3,1.7,0.2,0.265,0.1,0.2,0.5,0.2,0.5,0.7,1.1,0.5,0.0,0.9,1.9,1.1,,1994-95,1995
433.0,Jay Humphries,32.0,UTA,SG,12.0,0.0,12.4,0.3,2.1,0.16,0.2,0.3,0.667,0.2,1.8,0.091,0.2,0.0,0.0,,0.2,0.7,0.8,0.8,0.6,0.0,1.0,2.1,0.8,,1994-95,1995
434.0,Jay Humphries,32.0,BOS,PG,6.0,0.0,8.7,0.7,1.5,0.444,0.0,0.2,0.0,0.7,1.3,0.5,0.444,0.3,0.7,0.5,0.3,0.2,0.5,1.7,0.3,0.0,0.8,1.7,1.7,,1994-95,1995
435.0,Gerald Madkins,25.0,CLE,SG,7.0,0.0,4.0,0.3,0.9,0.333,0.1,0.3,0.5,0.1,0.6,0.25,0.417,0.4,0.6,0.75,0.0,0.0,0.0,0.1,0.3,0.0,0.4,0.3,1.1,,1994-95,1995
436.0,Lester Conner,35.0,LAL,SG,2.0,0.0,2.5,0.0,0.0,,0.0,0.0,,0.0,0.0,,,1.0,1.0,1.0,0.0,0.0,0.0,0.0,0.5,0.0,0.0,1.5,1.0,,1994-95,1995
437.0,Ron Grandison,30.0,NYK,PF,2.0,0.0,4.0,0.5,2.0,0.25,0.0,0.0,,0.5,2.0,0.25,0.25,0.0,0.0,,1.5,1.0,2.5,1.0,0.0,0.0,0.0,1.0,1.0,,1994-95,1995
438.0,Charles Jones,37.0,HOU,PF,3.0,0.0,12.0,0.3,1.0,0.333,0.0,0.0,,0.3,1.0,0.333,0.333,0.3,0.7,0.5,0.7,1.7,2.3,0.0,0.0,0.3,0.0,2.7,1.0,,1994-95,1995
439.0,Corey Crowder,25.0,SAS,SF,7.0,0.0,4.1,0.3,1.4,0.2,0.0,0.6,0.0,0.3,0.9,0.333,0.2,0.3,0.9,0.333,0.1,0.3,0.4,0.1,0.1,0.0,0.3,0.1,0.9,,1994-95,1995
440.0,Antonio Lang,22.0,PHO,SF,12.0,0.0,4.4,0.3,0.8,0.4,0.0,0.0,,0.3,0.8,0.4,0.4,0.3,0.3,0.75,0.3,0.1,0.3,0.1,0.0,0.2,0.4,0.9,0.9,,1994-95,1995
441.0,Mark Randall,27.0,DEN,PF,8.0,0.0,4.9,0.4,1.3,0.3,0.0,0.1,0.0,0.4,1.1,0.333,0.3,0.0,0.0,,0.5,1.0,1.5,0.1,0.0,0.0,0.1,0.6,0.8,,1994-95,1995
442.0,Mark Strickland,24.0,IND,PF,4.0,0.0,2.3,0.3,0.8,0.333,0.0,0.0,,0.3,0.8,0.333,0.333,0.3,0.5,0.5,0.5,0.5,1.0,0.0,0.0,0.3,0.3,0.0,0.8,,1994-95,1995
443.0,Fred Vinson,24.0,ATL,SG,5.0,0.0,5.4,0.2,1.4,0.143,0.2,1.2,0.167,0.0,0.2,0.0,0.214,0.2,0.2,1.0,0.0,0.0,0.0,0.2,0.0,0.0,0.4,0.8,0.8,,1994-95,1995
444.0,Greg Kite,33.0,2TM,C,11.0,0.0,7.0,0.3,1.5,0.176,0.0,0.0,,0.3,1.5,0.176,0.176,0.2,0.9,0.2,1.1,0.9,2.0,0.1,0.0,0.0,0.5,1.4,0.7,,1994-95,1995
445.0,Greg Kite,33.0,NYK,C,2.0,0.0,8.0,0.0,1.5,0.0,0.0,0.0,,0.0,1.5,0.0,0.0,0.0,0.0,,1.0,1.0,2.0,0.0,0.0,0.0,0.5,1.0,0.0,,1994-95,1995
446.0,Greg Kite,33.0,IND,C,9.0,0.0,6.8,0.3,1.6,0.214,0.0,0.0,,0.3,1.6,0.214,0.214,0.2,1.1,0.2,1.1,0.9,2.0,0.1,0.0,0.0,0.6,1.4,0.9,,1994-95,1995
447.0,Adrian Caldwell,28.0,HOU,PF,7.0,0.0,4.3,0.1,0.6,0.25,0.0,0.0,,0.1,0.6,0.25,0.25,0.4,0.9,0.5,0.1,1.3,1.4,0.0,0.1,0.0,0.1,0.9,0.7,,1994-95,1995
448.0,Keith Tower,24.0,ORL,C,3.0,0.0,2.3,0.0,0.7,0.0,0.0,0.0,,0.0,0.7,0.0,0.0,0.3,0.7,0.5,0.3,0.7,1.0,0.0,0.0,0.0,0.3,0.3,0.3,,1994-95,1995
449.0,Yinka Dare,22.0,NJN,C,1.0,0.0,3.0,0.0,1.0,0.0,0.0,0.0,,0.0,1.0,0.0,0.0,0.0,0.0,,0.0,1.0,1.0,0.0,0.0,0.0,1.0,2.0,0.0,,1994-95,1995
450.0,Tom Hovasse,28.0,ATL,SF,2.0,0.0,2.0,0.0,0.5,0.0,0.0,0.5,0.0,0.0,0.0,,0.0,0.0,0.0,,0.0,0.0,0.0,0.0,0.5,0.0,0.0,0.5,0.0,,1994-95,1995
451.0,Rich King,25.0,SEA,C,2.0,0.0,3.0,0.0,1.0,0.0,0.0,0.0,,0.0,1.0,0.0,0.0,0.0,1.0,0.0,0.0,0.0,0.0,0.0,0.0,0.0,0.0,0.5,0.0,,1994-95,1995
452.0,Derrick Phelps,22.0,SAC,PG,3.0,0.0,1.7,0.0,0.3,0.0,0.0,0.0,,0.0,0.3,0.0,0.0,0.0,0.7,0.0,0.0,0.0,0.0,0.3,0.0,0.0,0.0,1.0,0.0,,1994-95,1995
,League Average,,,,,,,,,0.466,,,0.359,,,0.491,0.5,,,0.737,,,,,,,,,,,1994-95,1995
